{"id":"com.telelogic.rhapsody.core.RPSequenceDiagram@4dd0ce77","type":"node","properties":{"ownerType":"Package","ownerName":"DemoPkg","name":"sequencediagram_001","description":"","genericType":"SequenceDiagram","type":"SequenceDiagram","ownerIdentifier":"com.telelogic.rhapsody.core.RPPackage@fc12dfaa"},"labels":["SequenceDiagram"]}
{"start":{"id":"com.telelogic.rhapsody.core.RPPackage@fc12dfaa"},"end":{"id":"com.telelogic.rhapsody.core.RPSequenceDiagram@4dd0ce77"},"id":"","label":"CONTAINS_DIAGRAM","type":"relationship","properties":{"type":"SequenceDiagram"}}
{"id":"com.telelogic.rhapsody.core.RPClassifierRole@bc36639c","type":"node","properties":{"name":":Calculator_Block","genericType":"ClassifierRole","type":"Lifeline"},"labels":["block"]}
{"start":{"id":"com.telelogic.rhapsody.core.RPSequenceDiagram@4dd0ce77"},"end":{"id":"com.telelogic.rhapsody.core.RPClassifierRole@bc36639c"},"id":"","label":"CONTAINS","type":"relationship","properties":{"type":"ClassifierRole"}}
{"id":"com.telelogic.rhapsody.core.RPClassifierRole@60049cae","type":"node","properties":{"name":"ENV","genericType":"ClassifierRole","type":"Lifeline"},"labels":["block"]}
{"start":{"id":"com.telelogic.rhapsody.core.RPSequenceDiagram@4dd0ce77"},"end":{"id":"com.telelogic.rhapsody.core.RPClassifierRole@60049cae"},"id":"","label":"CONTAINS","type":"relationship","properties":{"type":"ClassifierRole"}}
{"start":{"id":"com.telelogic.rhapsody.core.RPClassifierRole@60049cae"},"end":{"id":"com.telelogic.rhapsody.core.RPClassifierRole@bc36639c"},"id":"","label":"SEND_MESSAGE_TO","type":"relationship","properties":{"sequenceNumber":"1.","messageType":"EVENT","name":"eventOn","type":"Message"}}
{"start":{"id":"com.telelogic.rhapsody.core.RPClassifierRole@bc36639c"},"end":{"id":"com.telelogic.rhapsody.core.RPClassifierRole@bc36639c"},"id":"","label":"SEND_MESSAGE_TO","type":"relationship","properties":{"sequenceNumber":"2.","messageType":"EVENT","name":"eventSwitchOn","type":"Message"}}
