{"id":"com.telelogic.rhapsody.core.RPObjectModelDiagram@d5cf3919","type":"node","properties":{"ownerType":"SysML","ownerName":"JuanSampleModel","name":"Model1","description":"","genericType":"ObjectModelDiagram","type":"Block Definition Diagram","ownerIdentifier":"com.telelogic.rhapsody.core.RPProject@a8ddb2d5"},"labels":["BDDDiagram"]}
{"start":{"id":"com.telelogic.rhapsody.core.RPProject@a8ddb2d5"},"end":{"id":"com.telelogic.rhapsody.core.RPObjectModelDiagram@d5cf3919"},"id":"","label":"CONTAINS_DIAGRAM","type":"relationship","properties":{"type":"Block Definition Diagram"}}
{"id":"com.telelogic.rhapsody.core.RPClass@a73dd6ba","type":"node","properties":{"name":"UC_AutonomouseMode","genericType":"Class","type":"Block"},"labels":["block"]}
{"start":{"id":"com.telelogic.rhapsody.core.RPObjectModelDiagram@d5cf3919"},"end":{"id":"com.telelogic.rhapsody.core.RPClass@a73dd6ba"},"id":"","label":"CONTAINS_BLOCK","type":"relationship","properties":{"type":"requirement"}}
{"start":{"id":"com.telelogic.rhapsody.core.RPClass@a73dd6ba"},"end":{"id":"com.telelogic.rhapsody.core.RPClass@8090e814"},"id":"","label":"HAS_ASSOCIATION_WITH","type":"relationship","properties":{"name":"itsTruck","type":"Association"}}
{"start":{"id":"com.telelogic.rhapsody.core.RPClass@a73dd6ba"},"end":{"id":"com.telelogic.rhapsody.core.RPClass@8c1f0cc4"},"id":"","label":"HAS_ASSOCIATION_WITH","type":"relationship","properties":{"name":"itsDC_2","type":"Association"}}
{"start":{"id":"com.telelogic.rhapsody.core.RPClass@a73dd6ba"},"end":{"id":"com.telelogic.rhapsody.core.RPClass@3c380f32"},"id":"","label":"HAS_ASSOCIATION_WITH","type":"relationship","properties":{"name":"itsEnvironment_2","type":"Association"}}
{"id":"com.telelogic.rhapsody.core.RPClass@3c380f32","type":"node","properties":{"name":"Environment","genericType":"Class","type":"Block"},"labels":["block"]}
{"start":{"id":"com.telelogic.rhapsody.core.RPObjectModelDiagram@d5cf3919"},"end":{"id":"com.telelogic.rhapsody.core.RPClass@3c380f32"},"id":"","label":"CONTAINS_BLOCK","type":"relationship","properties":{"type":"requirement"}}
{"start":{"id":"com.telelogic.rhapsody.core.RPClass@3c380f32"},"end":{"id":"com.telelogic.rhapsody.core.RPClass@a73dd6ba"},"id":"","label":"HAS_ASSOCIATION_WITH","type":"relationship","properties":{"name":"itsUC_AutonomouseMode_2","type":"Association"}}
{"start":{"id":"com.telelogic.rhapsody.core.RPClass@3c380f32"},"end":{"id":"com.telelogic.rhapsody.core.RPClass@8c2ebd52"},"id":"","label":"HAS_COMPOSITION_WITH","type":"relationship","properties":{"name":"itsObstacles","type":"Composition"}}
{"id":"com.telelogic.rhapsody.core.RPClass@f5f658ca","type":"node","properties":{"name":"Actuators","genericType":"Class","type":"Block"},"labels":["block"]}
{"start":{"id":"com.telelogic.rhapsody.core.RPObjectModelDiagram@d5cf3919"},"end":{"id":"com.telelogic.rhapsody.core.RPClass@f5f658ca"},"id":"","label":"CONTAINS_BLOCK","type":"relationship","properties":{"type":"requirement"}}
{"id":"com.telelogic.rhapsody.core.RPClass@8c2ebd52","type":"node","properties":{"name":"Obstacles","genericType":"Class","type":"Block"},"labels":["block"]}
{"start":{"id":"com.telelogic.rhapsody.core.RPObjectModelDiagram@d5cf3919"},"end":{"id":"com.telelogic.rhapsody.core.RPClass@8c2ebd52"},"id":"","label":"CONTAINS_BLOCK","type":"relationship","properties":{"type":"requirement"}}
{"id":"com.telelogic.rhapsody.core.RPClass@90b07432","type":"node","properties":{"name":"PowertrainSystem","genericType":"Class","type":"Block"},"labels":["block"]}
{"start":{"id":"com.telelogic.rhapsody.core.RPObjectModelDiagram@d5cf3919"},"end":{"id":"com.telelogic.rhapsody.core.RPClass@90b07432"},"id":"","label":"CONTAINS_BLOCK","type":"relationship","properties":{"type":"requirement"}}
{"start":{"id":"com.telelogic.rhapsody.core.RPClass@90b07432"},"end":{"id":"com.telelogic.rhapsody.core.RPClass@1a8e212d"},"id":"","label":"HAS_COMPOSITION_WITH","type":"relationship","properties":{"name":"itsMotor","type":"Composition"}}
{"start":{"id":"com.telelogic.rhapsody.core.RPClass@90b07432"},"end":{"id":"com.telelogic.rhapsody.core.RPClass@d7be5556"},"id":"","label":"HAS_COMPOSITION_WITH","type":"relationship","properties":{"name":"itsBattery_1","type":"Composition"}}
{"id":"com.telelogic.rhapsody.core.RPClass@28dc2f23","type":"node","properties":{"name":"Steering","genericType":"Class","type":"Block"},"labels":["block"]}
{"start":{"id":"com.telelogic.rhapsody.core.RPObjectModelDiagram@d5cf3919"},"end":{"id":"com.telelogic.rhapsody.core.RPClass@28dc2f23"},"id":"","label":"CONTAINS_BLOCK","type":"relationship","properties":{"type":"requirement"}}
{"id":"com.telelogic.rhapsody.core.RPClass@8c1f0cc4","type":"node","properties":{"name":"DC","genericType":"Class","type":"Block"},"labels":["block"]}
{"start":{"id":"com.telelogic.rhapsody.core.RPObjectModelDiagram@d5cf3919"},"end":{"id":"com.telelogic.rhapsody.core.RPClass@8c1f0cc4"},"id":"","label":"CONTAINS_BLOCK","type":"relationship","properties":{"type":"requirement"}}
{"start":{"id":"com.telelogic.rhapsody.core.RPClass@8c1f0cc4"},"end":{"id":"com.telelogic.rhapsody.core.RPClass@a73dd6ba"},"id":"","label":"HAS_ASSOCIATION_WITH","type":"relationship","properties":{"name":"itsUC_AutonomouseMode","type":"Association"}}
{"start":{"id":"com.telelogic.rhapsody.core.RPClass@8c1f0cc4"},"end":{"id":"com.telelogic.rhapsody.core.RPClass@448f29af"},"id":"","label":"HAS_ASSOCIATION_WITH","type":"relationship","properties":{"name":"itsDockingBay","type":"Association"}}
{"start":{"id":"com.telelogic.rhapsody.core.RPClass@8c1f0cc4"},"end":{"id":"com.telelogic.rhapsody.core.RPClass@6933f3ae"},"id":"","label":"HAS_ASSOCIATION_WITH","type":"relationship","properties":{"name":"itsParkingBay","type":"Association"}}
{"start":{"id":"com.telelogic.rhapsody.core.RPClass@8c1f0cc4"},"end":{"id":"com.telelogic.rhapsody.core.RPClass@d6e4eff4"},"id":"","label":"HAS_ASSOCIATION_WITH","type":"relationship","properties":{"name":"itsLogisticsManpower","type":"Association"}}
{"start":{"id":"com.telelogic.rhapsody.core.RPClass@8c1f0cc4"},"end":{"id":"com.telelogic.rhapsody.core.RPClass@a331172a"},"id":"","label":"HAS_ASSOCIATION_WITH","type":"relationship","properties":{"name":"itsCamera","type":"Association"}}
{"start":{"id":"com.telelogic.rhapsody.core.RPClass@8c1f0cc4"},"end":{"id":"com.telelogic.rhapsody.core.RPClass@a73dd6ba"},"id":"","label":"HAS_ASSOCIATION_WITH","type":"relationship","properties":{"name":"itsUC_AutonomouseMode_1","type":"Association"}}
{"id":"com.telelogic.rhapsody.core.RPClass@448f29af","type":"node","properties":{"name":"DockingBay","genericType":"Class","type":"Block"},"labels":["block"]}
{"start":{"id":"com.telelogic.rhapsody.core.RPObjectModelDiagram@d5cf3919"},"end":{"id":"com.telelogic.rhapsody.core.RPClass@448f29af"},"id":"","label":"CONTAINS_BLOCK","type":"relationship","properties":{"type":"requirement"}}
{"start":{"id":"com.telelogic.rhapsody.core.RPClass@448f29af"},"end":{"id":"com.telelogic.rhapsody.core.RPClass@8c1f0cc4"},"id":"","label":"HAS_ASSOCIATION_WITH","type":"relationship","properties":{"name":"itsDC","type":"Association"}}
{"id":"com.telelogic.rhapsody.core.RPClass@8090e814","type":"node","properties":{"name":"Truck","genericType":"Class","type":"Block"},"labels":["block"]}
{"start":{"id":"com.telelogic.rhapsody.core.RPObjectModelDiagram@d5cf3919"},"end":{"id":"com.telelogic.rhapsody.core.RPClass@8090e814"},"id":"","label":"CONTAINS_BLOCK","type":"relationship","properties":{"type":"requirement"}}
{"start":{"id":"com.telelogic.rhapsody.core.RPClass@8090e814"},"end":{"id":"com.telelogic.rhapsody.core.RPClass@a73dd6ba"},"id":"","label":"HAS_ASSOCIATION_WITH","type":"relationship","properties":{"name":"itsUC_AutonomouseMode","type":"Association"}}
{"start":{"id":"com.telelogic.rhapsody.core.RPClass@8090e814"},"end":{"id":"com.telelogic.rhapsody.core.RPClass@f5f658ca"},"id":"","label":"HAS_COMPOSITION_WITH","type":"relationship","properties":{"name":"itsActuators_1","type":"Composition"}}
{"start":{"id":"com.telelogic.rhapsody.core.RPClass@8090e814"},"end":{"id":"com.telelogic.rhapsody.core.RPClass@28dc2f23"},"id":"","label":"HAS_COMPOSITION_WITH","type":"relationship","properties":{"name":"itsSteering","type":"Composition"}}
{"start":{"id":"com.telelogic.rhapsody.core.RPClass@8090e814"},"end":{"id":"com.telelogic.rhapsody.core.RPClass@90b07432"},"id":"","label":"HAS_COMPOSITION_WITH","type":"relationship","properties":{"name":"itsPowertrainSystem","type":"Composition"}}
{"start":{"id":"com.telelogic.rhapsody.core.RPClass@8090e814"},"end":{"id":"com.telelogic.rhapsody.core.RPClass@1015a1d0"},"id":"","label":"HAS_COMPOSITION_WITH","type":"relationship","properties":{"name":"itsTruck_Sensors_1","type":"Composition"}}
{"id":"com.telelogic.rhapsody.core.RPClass@d6e4eff4","type":"node","properties":{"name":"LogisticsManpower","genericType":"Class","type":"Block"},"labels":["block"]}
{"start":{"id":"com.telelogic.rhapsody.core.RPObjectModelDiagram@d5cf3919"},"end":{"id":"com.telelogic.rhapsody.core.RPClass@d6e4eff4"},"id":"","label":"CONTAINS_BLOCK","type":"relationship","properties":{"type":"requirement"}}
{"start":{"id":"com.telelogic.rhapsody.core.RPClass@d6e4eff4"},"end":{"id":"com.telelogic.rhapsody.core.RPClass@8c1f0cc4"},"id":"","label":"HAS_ASSOCIATION_WITH","type":"relationship","properties":{"name":"itsDC_1","type":"Association"}}
{"id":"com.telelogic.rhapsody.core.RPClass@a331172a","type":"node","properties":{"name":"Camera","genericType":"Class","type":"Block"},"labels":["block"]}
{"start":{"id":"com.telelogic.rhapsody.core.RPObjectModelDiagram@d5cf3919"},"end":{"id":"com.telelogic.rhapsody.core.RPClass@a331172a"},"id":"","label":"CONTAINS_BLOCK","type":"relationship","properties":{"type":"requirement"}}
{"start":{"id":"com.telelogic.rhapsody.core.RPClass@a331172a"},"end":{"id":"com.telelogic.rhapsody.core.RPClass@8c1f0cc4"},"id":"","label":"HAS_ASSOCIATION_WITH","type":"relationship","properties":{"name":"itsDC","type":"Association"}}
{"id":"com.telelogic.rhapsody.core.RPClass@1015a1d0","type":"node","properties":{"name":"Truck_Sensors","genericType":"Class","type":"Block"},"labels":["block"]}
{"start":{"id":"com.telelogic.rhapsody.core.RPObjectModelDiagram@d5cf3919"},"end":{"id":"com.telelogic.rhapsody.core.RPClass@1015a1d0"},"id":"","label":"CONTAINS_BLOCK","type":"relationship","properties":{"type":"requirement"}}
{"id":"com.telelogic.rhapsody.core.RPClass@1a8e212d","type":"node","properties":{"name":"Motor","genericType":"Class","type":"Block"},"labels":["block"]}
{"start":{"id":"com.telelogic.rhapsody.core.RPObjectModelDiagram@d5cf3919"},"end":{"id":"com.telelogic.rhapsody.core.RPClass@1a8e212d"},"id":"","label":"CONTAINS_BLOCK","type":"relationship","properties":{"type":"requirement"}}
{"id":"com.telelogic.rhapsody.core.RPClass@d7be5556","type":"node","properties":{"name":"Battery","genericType":"Class","type":"Block"},"labels":["block"]}
{"start":{"id":"com.telelogic.rhapsody.core.RPObjectModelDiagram@d5cf3919"},"end":{"id":"com.telelogic.rhapsody.core.RPClass@d7be5556"},"id":"","label":"CONTAINS_BLOCK","type":"relationship","properties":{"type":"requirement"}}
{"id":"com.telelogic.rhapsody.core.RPClass@6933f3ae","type":"node","properties":{"name":"ParkingBay","genericType":"Class","type":"Block"},"labels":["block"]}
{"start":{"id":"com.telelogic.rhapsody.core.RPObjectModelDiagram@d5cf3919"},"end":{"id":"com.telelogic.rhapsody.core.RPClass@6933f3ae"},"id":"","label":"CONTAINS_BLOCK","type":"relationship","properties":{"type":"requirement"}}
{"start":{"id":"com.telelogic.rhapsody.core.RPClass@6933f3ae"},"end":{"id":"com.telelogic.rhapsody.core.RPClass@8c1f0cc4"},"id":"","label":"HAS_ASSOCIATION_WITH","type":"relationship","properties":{"name":"itsDC","type":"Association"}}
