{"id":"com.telelogic.rhapsody.core.RPInstance@cf336a1c","type":"node","properties":{"name":"itsObstacles","genericType":"Object","type":"Object"},"labels":["Part"]}
{"start":{"id":"com.telelogic.rhapsody.core.RPInstance@cf336a1c"},"end":{"id":"com.telelogic.rhapsody.core.RPClass@3c380f32"},"id":"","label":"IS_PART_OF","type":"relationship","properties":{"type":"Object"}}
{"id":"com.telelogic.rhapsody.core.RPInstance@97d4fe37","type":"node","properties":{"name":"itsMotor","genericType":"Object","type":"Object"},"labels":["Part"]}
{"start":{"id":"com.telelogic.rhapsody.core.RPInstance@97d4fe37"},"end":{"id":"com.telelogic.rhapsody.core.RPClass@90b07432"},"id":"","label":"IS_PART_OF","type":"relationship","properties":{"type":"Object"}}
{"id":"com.telelogic.rhapsody.core.RPInstance@9d6bd0ee","type":"node","properties":{"name":"itsBattery_1","genericType":"Object","type":"Object"},"labels":["Part"]}
{"start":{"id":"com.telelogic.rhapsody.core.RPInstance@9d6bd0ee"},"end":{"id":"com.telelogic.rhapsody.core.RPClass@90b07432"},"id":"","label":"IS_PART_OF","type":"relationship","properties":{"type":"Object"}}
{"id":"com.telelogic.rhapsody.core.RPInstance@3bee3c56","type":"node","properties":{"name":"itsActuators_1","genericType":"Object","type":"Object"},"labels":["Part"]}
{"start":{"id":"com.telelogic.rhapsody.core.RPInstance@3bee3c56"},"end":{"id":"com.telelogic.rhapsody.core.RPClass@8090e814"},"id":"","label":"IS_PART_OF","type":"relationship","properties":{"type":"Object"}}
{"id":"com.telelogic.rhapsody.core.RPInstance@8132f9f","type":"node","properties":{"name":"itsSteering","genericType":"Object","type":"Object"},"labels":["Part"]}
{"start":{"id":"com.telelogic.rhapsody.core.RPInstance@8132f9f"},"end":{"id":"com.telelogic.rhapsody.core.RPClass@8090e814"},"id":"","label":"IS_PART_OF","type":"relationship","properties":{"type":"Object"}}
{"id":"com.telelogic.rhapsody.core.RPInstance@998e7e13","type":"node","properties":{"name":"itsPowertrainSystem","genericType":"Object","type":"Object"},"labels":["Part"]}
{"start":{"id":"com.telelogic.rhapsody.core.RPInstance@998e7e13"},"end":{"id":"com.telelogic.rhapsody.core.RPClass@8090e814"},"id":"","label":"IS_PART_OF","type":"relationship","properties":{"type":"Object"}}
{"id":"com.telelogic.rhapsody.core.RPInstance@1b9ff37c","type":"node","properties":{"name":"itsTruck_Sensors_1","genericType":"Object","type":"Object"},"labels":["Part"]}
{"start":{"id":"com.telelogic.rhapsody.core.RPInstance@1b9ff37c"},"end":{"id":"com.telelogic.rhapsody.core.RPClass@8090e814"},"id":"","label":"IS_PART_OF","type":"relationship","properties":{"type":"Object"}}
{"id":"com.telelogic.rhapsody.core.RPPort@4d1159df","type":"node","properties":{"name":"port_2","genericType":"Port","type":"Port"},"labels":["Port"]}
{"start":{"id":"com.telelogic.rhapsody.core.RPPort@4d1159df"},"end":{"id":"com.telelogic.rhapsody.core.RPClass@6fb161c"},"id":"","label":"IS_PORT_OF","type":"relationship","properties":{"type":"Port"}}
{"id":"com.telelogic.rhapsody.core.RPInstance@a824ec9b","type":"node","properties":{"name":"itsEngine","genericType":"Object","type":"Object"},"labels":["Part"]}
{"start":{"id":"com.telelogic.rhapsody.core.RPInstance@a824ec9b"},"end":{"id":"com.telelogic.rhapsody.core.RPClass@2fcf15ef"},"id":"","label":"IS_PART_OF","type":"relationship","properties":{"type":"Object"}}
{"id":"com.telelogic.rhapsody.core.RPInstance@fa187331","type":"node","properties":{"name":"itsCarStructure","genericType":"Object","type":"Object"},"labels":["Part"]}
{"start":{"id":"com.telelogic.rhapsody.core.RPInstance@fa187331"},"end":{"id":"com.telelogic.rhapsody.core.RPClass@2fcf15ef"},"id":"","label":"IS_PART_OF","type":"relationship","properties":{"type":"Object"}}
{"id":"com.telelogic.rhapsody.core.RPPort@c81ff442","type":"node","properties":{"name":"port_1","genericType":"Port","type":"Port"},"labels":["Port"]}
{"start":{"id":"com.telelogic.rhapsody.core.RPPort@c81ff442"},"end":{"id":"com.telelogic.rhapsody.core.RPClass@75a6aa64"},"id":"","label":"IS_PORT_OF","type":"relationship","properties":{"type":"Port"}}
{"start":{"id":"com.telelogic.rhapsody.core.RPPort@4d1159df"},"end":{"id":"com.telelogic.rhapsody.core.RPPort@c81ff442"},"id":"","label":"HAS_FLOWS_TO","type":"relationship","properties":{"name":"itsCarStructure_itsEngine","type":"Flow"}}
