{"id":"com.telelogic.rhapsody.core.RPObjectModelDiagram@7118d118","type":"node","properties":{"ownerType":"Package","ownerName":"REQUIREMENTS","name":"ADTSRequirements","description":"","genericType":"ObjectModelDiagram","type":"Requirements Diagram","ownerIdentifier":"com.telelogic.rhapsody.core.RPPackage@febf881b"},"labels":["RequirementDiagram"]}
{"start":{"id":"com.telelogic.rhapsody.core.RPPackage@febf881b"},"end":{"id":"com.telelogic.rhapsody.core.RPObjectModelDiagram@7118d118"},"id":"","label":"CONTAINS_DIAGRAM","type":"relationship","properties":{"type":"Requirements Diagram"}}
{"id":"com.telelogic.rhapsody.core.RPRequirement@e8735398","type":"node","properties":{"name":"ADTSRequirements","specification":"The system must drive the truck autonomuously from its parking spot to a docking bay and back to the spot.\r\n","description":"","genericType":"Requirement","type":"Requirement","requirementId":"000"},"labels":["Requirement"]}
{"start":{"id":"com.telelogic.rhapsody.core.RPObjectModelDiagram@7118d118"},"end":{"id":"com.telelogic.rhapsody.core.RPRequirement@e8735398"},"id":"","label":"CONTAINS_REQ","type":"relationship","properties":{"type":"requirement"}}
{"id":"com.telelogic.rhapsody.core.RPRequirement@b1f7ebd0","type":"node","properties":{"name":"CommunicationRegPkg","specification":"This is communication Req Pkg spec....","description":"","genericType":"Requirement","type":"Requirement","requirementId":"100"},"labels":["Requirement"]}
{"start":{"id":"com.telelogic.rhapsody.core.RPObjectModelDiagram@7118d118"},"end":{"id":"com.telelogic.rhapsody.core.RPRequirement@b1f7ebd0"},"id":"","label":"CONTAINS_REQ","type":"relationship","properties":{"type":"requirement"}}
{"id":"com.telelogic.rhapsody.core.RPRequirement@66c1b88d","type":"node","properties":{"name":"GeneralReqPkg","specification":"This is general req pkg spec....","description":"","genericType":"Requirement","type":"Requirement","requirementId":"200"},"labels":["Requirement"]}
{"start":{"id":"com.telelogic.rhapsody.core.RPObjectModelDiagram@7118d118"},"end":{"id":"com.telelogic.rhapsody.core.RPRequirement@66c1b88d"},"id":"","label":"CONTAINS_REQ","type":"relationship","properties":{"type":"requirement"}}
{"id":"com.telelogic.rhapsody.core.RPRequirement@61dfe6d7","type":"node","properties":{"name":"PathGen&Control","specification":"This is path generation and control spec...","description":"","genericType":"Requirement","type":"Requirement","requirementId":"300"},"labels":["Requirement"]}
{"start":{"id":"com.telelogic.rhapsody.core.RPObjectModelDiagram@7118d118"},"end":{"id":"com.telelogic.rhapsody.core.RPRequirement@61dfe6d7"},"id":"","label":"CONTAINS_REQ","type":"relationship","properties":{"type":"requirement"}}
{"start":{"id":"com.telelogic.rhapsody.core.RPRequirement@e8735398"},"end":{"id":"com.telelogic.rhapsody.core.RPRequirement@b1f7ebd0"},"id":"","label":"IS_CONNECTED_WITH","type":"relationship","properties":{"type":"Derive Requirement"}}
{"start":{"id":"com.telelogic.rhapsody.core.RPRequirement@e8735398"},"end":{"id":"com.telelogic.rhapsody.core.RPRequirement@66c1b88d"},"id":"","label":"IS_CONNECTED_WITH","type":"relationship","properties":{"type":"Derive Requirement"}}
{"start":{"id":"com.telelogic.rhapsody.core.RPRequirement@e8735398"},"end":{"id":"com.telelogic.rhapsody.core.RPRequirement@61dfe6d7"},"id":"","label":"IS_CONNECTED_WITH","type":"relationship","properties":{"type":"Derive Requirement"}}
{"start":{"id":"com.telelogic.rhapsody.core.RPRequirement@b1f7ebd0"},"end":{"id":"com.telelogic.rhapsody.core.RPRequirement@66c1b88d"},"id":"","label":"IS_CONNECTED_WITH","type":"relationship","properties":{"type":"Allocation"}}
{"start":{"id":"com.telelogic.rhapsody.core.RPRequirement@66c1b88d"},"end":{"id":"com.telelogic.rhapsody.core.RPRequirement@61dfe6d7"},"id":"","label":"IS_CONNECTED_WITH","type":"relationship","properties":{"type":"Verification"}}
