{"id":"com.telelogic.rhapsody.core.RPObjectModelDiagram@569c8001","type":"node","properties":{"ownerType":"Package","ownerName":"Structural_Pkg","name":"requirements diagram_02","description":"","genericType":"ObjectModelDiagram","type":"Requirements Diagram","ownerIdentifier":"com.telelogic.rhapsody.core.RPPackage@3d6a7c5c"},"labels":["RequirementDiagram"]}
{"start":{"id":"com.telelogic.rhapsody.core.RPPackage@3d6a7c5c"},"end":{"id":"com.telelogic.rhapsody.core.RPObjectModelDiagram@569c8001"},"id":"","label":"CONTAINS_DIAGRAM","type":"relationship","properties":{"type":"Requirements Diagram"}}
{"id":"com.telelogic.rhapsody.core.RPRequirement@66d05d03","type":"node","properties":{"name":"requirement_20","specification":"","description":"","genericType":"Requirement","type":"Requirement","requirementId":""},"labels":["Requirement"]}
{"start":{"id":"com.telelogic.rhapsody.core.RPObjectModelDiagram@569c8001"},"end":{"id":"com.telelogic.rhapsody.core.RPRequirement@66d05d03"},"id":"","label":"CONTAINS_REQ","type":"relationship","properties":{"type":"requirement"}}
{"id":"com.telelogic.rhapsody.core.RPRequirement@5160497c","type":"node","properties":{"name":"requirement_21","specification":"","description":"","genericType":"Requirement","type":"Requirement","requirementId":""},"labels":["Requirement"]}
{"start":{"id":"com.telelogic.rhapsody.core.RPObjectModelDiagram@569c8001"},"end":{"id":"com.telelogic.rhapsody.core.RPRequirement@5160497c"},"id":"","label":"CONTAINS_REQ","type":"relationship","properties":{"type":"requirement"}}
{"id":"com.telelogic.rhapsody.core.RPRequirement@2b7a7ec8","type":"node","properties":{"name":"requirement_22","specification":"","description":"","genericType":"Requirement","type":"Requirement","requirementId":""},"labels":["Requirement"]}
{"start":{"id":"com.telelogic.rhapsody.core.RPObjectModelDiagram@569c8001"},"end":{"id":"com.telelogic.rhapsody.core.RPRequirement@2b7a7ec8"},"id":"","label":"CONTAINS_REQ","type":"relationship","properties":{"type":"requirement"}}
{"start":{"id":"com.telelogic.rhapsody.core.RPRequirement@66d05d03"},"end":{"id":"com.telelogic.rhapsody.core.RPRequirement@5160497c"},"id":"","label":"IS_CONNECTED_WITH","type":"relationship","properties":{"type":"Dependency"}}
{"start":{"id":"com.telelogic.rhapsody.core.RPRequirement@66d05d03"},"end":{"id":"com.telelogic.rhapsody.core.RPRequirement@2b7a7ec8"},"id":"","label":"IS_CONNECTED_WITH","type":"relationship","properties":{"type":"Dependency"}}
