{"id":"com.telelogic.rhapsody.core.RPObjectModelDiagram@b0c70303","type":"node","properties":{"ownerType":"Package","ownerName":"Structural_Pkg","name":"block definition diagram_001","description":"","genericType":"ObjectModelDiagram","type":"Block Definition Diagram","ownerIdentifier":"com.telelogic.rhapsody.core.RPPackage@3d6a7c5c"},"labels":["BDDDiagram"]}
{"start":{"id":"com.telelogic.rhapsody.core.RPPackage@3d6a7c5c"},"end":{"id":"com.telelogic.rhapsody.core.RPObjectModelDiagram@b0c70303"},"id":"","label":"CONTAINS_DIAGRAM","type":"relationship","properties":{"type":"Block Definition Diagram"}}
{"id":"com.telelogic.rhapsody.core.RPClass@6fb161c","type":"node","properties":{"name":"Engine","genericType":"Class","type":"Block"},"labels":["block"]}
{"start":{"id":"com.telelogic.rhapsody.core.RPObjectModelDiagram@b0c70303"},"end":{"id":"com.telelogic.rhapsody.core.RPClass@6fb161c"},"id":"","label":"CONTAINS_BLOCK","type":"relationship","properties":{"type":"requirement"}}
{"id":"com.telelogic.rhapsody.core.RPClass@2fcf15ef","type":"node","properties":{"name":"Car","genericType":"Class","type":"Block"},"labels":["block"]}
{"start":{"id":"com.telelogic.rhapsody.core.RPObjectModelDiagram@b0c70303"},"end":{"id":"com.telelogic.rhapsody.core.RPClass@2fcf15ef"},"id":"","label":"CONTAINS_BLOCK","type":"relationship","properties":{"type":"requirement"}}
{"start":{"id":"com.telelogic.rhapsody.core.RPClass@2fcf15ef"},"end":{"id":"com.telelogic.rhapsody.core.RPClass@6fb161c"},"id":"","label":"HAS_COMPOSITION_WITH","type":"relationship","properties":{"name":"itsEngine","type":"Composition"}}
{"start":{"id":"com.telelogic.rhapsody.core.RPClass@2fcf15ef"},"end":{"id":"com.telelogic.rhapsody.core.RPClass@75a6aa64"},"id":"","label":"HAS_COMPOSITION_WITH","type":"relationship","properties":{"name":"itsCarStructure","type":"Composition"}}
{"id":"com.telelogic.rhapsody.core.RPClass@75a6aa64","type":"node","properties":{"name":"CarStructure","genericType":"Class","type":"Block"},"labels":["block"]}
{"start":{"id":"com.telelogic.rhapsody.core.RPObjectModelDiagram@b0c70303"},"end":{"id":"com.telelogic.rhapsody.core.RPClass@75a6aa64"},"id":"","label":"CONTAINS_BLOCK","type":"relationship","properties":{"type":"requirement"}}
