{"id":"com.telelogic.rhapsody.core.RPObjectModelDiagram@70dfb830","type":"node","properties":{"ownerType":"Package","ownerName":"InterConnection","name":"SimulinkImport","description":"","genericType":"ObjectModelDiagram","type":"Block Definition Diagram","ownerIdentifier":"com.telelogic.rhapsody.core.RPPackage@eebb89e5"},"labels":["BDDDiagram"]}
{"start":{"id":"com.telelogic.rhapsody.core.RPPackage@eebb89e5"},"end":{"id":"com.telelogic.rhapsody.core.RPObjectModelDiagram@70dfb830"},"id":"","label":"CONTAINS_DIAGRAM","type":"relationship","properties":{"type":"Block Definition Diagram"}}
{"id":"com.telelogic.rhapsody.core.RPClass@de1faea8","type":"node","properties":{"name":"TheSystem","genericType":"Class","type":"Block"},"labels":["Block","StructuredSimulinkBlock"]}
{"start":{"id":"com.telelogic.rhapsody.core.RPObjectModelDiagram@70dfb830"},"end":{"id":"com.telelogic.rhapsody.core.RPClass@de1faea8"},"id":"","label":"CONTAINS_BLOCK","type":"relationship","properties":{"type":"Block"}}
{"start":{"id":"com.telelogic.rhapsody.core.RPClass@de1faea8"},"end":{"id":"com.telelogic.rhapsody.core.RPClass@db536d27"},"id":"","label":"HAS_COMPOSITION_WITH","type":"relationship","properties":{"name":"itsDriver","type":"Composition"}}
{"start":{"id":"com.telelogic.rhapsody.core.RPClass@de1faea8"},"end":{"id":"com.telelogic.rhapsody.core.RPClass@de1faea8"},"id":"","label":"HAS_COMPOSITION_WITH","type":"relationship","properties":{"name":"itsTheSystem","type":"Composition"}}
{"start":{"id":"com.telelogic.rhapsody.core.RPClass@de1faea8"},"end":{"id":"com.telelogic.rhapsody.core.RPClass@3b024c4f"},"id":"","label":"HAS_COMPOSITION_WITH","type":"relationship","properties":{"name":"itsMonitor","type":"Composition"}}
{"id":"com.telelogic.rhapsody.core.RPClass@db536d27","type":"node","properties":{"name":"Driver","genericType":"Class","type":"Block"},"labels":["Block","SimulinkBlock"]}
{"start":{"id":"com.telelogic.rhapsody.core.RPObjectModelDiagram@70dfb830"},"end":{"id":"com.telelogic.rhapsody.core.RPClass@db536d27"},"id":"","label":"CONTAINS_BLOCK","type":"relationship","properties":{"type":"Block"}}
{"start":{"id":"com.telelogic.rhapsody.core.RPClass@db536d27"},"end":{"id":"SineWaveGenerator"},"id":"","label":"CONTAINS_SIMULINK_MODEL","type":"relationship","properties":{"type":"Simulink Reference"}}
{"start":{"id":"com.telelogic.rhapsody.core.RPClass@db536d27"},"end":{"id":"com.telelogic.rhapsody.core.RPClass@de1faea8"},"id":"","label":"HAS_COMPOSITION_WITH","type":"relationship","properties":{"name":"itsTheSystem","type":"Composition"}}
{"id":"com.telelogic.rhapsody.core.RPClass@3b024c4f","type":"node","properties":{"name":"Monitor","genericType":"Class","type":"Block"},"labels":["Block","SimulinkBlock"]}
{"start":{"id":"com.telelogic.rhapsody.core.RPObjectModelDiagram@70dfb830"},"end":{"id":"com.telelogic.rhapsody.core.RPClass@3b024c4f"},"id":"","label":"CONTAINS_BLOCK","type":"relationship","properties":{"type":"Block"}}
{"start":{"id":"com.telelogic.rhapsody.core.RPClass@3b024c4f"},"end":{"id":"SineWaveDisplay"},"id":"","label":"CONTAINS_SIMULINK_MODEL","type":"relationship","properties":{"type":"Simulink Reference"}}
