{"id":"com.telelogic.rhapsody.core.RPObjectModelDiagram@a8aa0f36","type":"node","properties":{"ownerType":"Package","ownerName":"InterConnection","name":"SimulinkImport04","description":"","genericType":"ObjectModelDiagram","type":"Block Definition Diagram","ownerIdentifier":"com.telelogic.rhapsody.core.RPPackage@eebb89e5"},"labels":["BDDDiagram"]}
{"start":{"id":"com.telelogic.rhapsody.core.RPPackage@eebb89e5"},"end":{"id":"com.telelogic.rhapsody.core.RPObjectModelDiagram@a8aa0f36"},"id":"","label":"CONTAINS_DIAGRAM","type":"relationship","properties":{"type":"Block Definition Diagram"}}
{"id":"com.telelogic.rhapsody.core.RPClass@2fda0b14","type":"node","properties":{"name":"TheSystem_02","genericType":"Class","type":"Block"},"labels":["Block","StructuredSimulinkBlock"]}
{"start":{"id":"com.telelogic.rhapsody.core.RPObjectModelDiagram@a8aa0f36"},"end":{"id":"com.telelogic.rhapsody.core.RPClass@2fda0b14"},"id":"","label":"CONTAINS_BLOCK","type":"relationship","properties":{"type":"Block"}}
{"start":{"id":"com.telelogic.rhapsody.core.RPClass@2fda0b14"},"end":{"id":"TheSystem_02_Rhap"},"id":"","label":"CONTAINS_SIMULINK_MODEL","type":"relationship","properties":{"type":"Simulink Reference"}}
{"start":{"id":"com.telelogic.rhapsody.core.RPClass@2fda0b14"},"end":{"id":"com.telelogic.rhapsody.core.RPClass@f6a6c99"},"id":"","label":"HAS_COMPOSITION_WITH","type":"relationship","properties":{"name":"itsMonitor_02","type":"Composition"}}
{"start":{"id":"com.telelogic.rhapsody.core.RPClass@2fda0b14"},"end":{"id":"com.telelogic.rhapsody.core.RPClass@999277b5"},"id":"","label":"HAS_COMPOSITION_WITH","type":"relationship","properties":{"name":"itsGenerator_02","type":"Composition"}}
{"id":"com.telelogic.rhapsody.core.RPClass@999277b5","type":"node","properties":{"name":"Generator_02","genericType":"Class","type":"Block"},"labels":["Block"]}
{"start":{"id":"com.telelogic.rhapsody.core.RPObjectModelDiagram@a8aa0f36"},"end":{"id":"com.telelogic.rhapsody.core.RPClass@999277b5"},"id":"","label":"CONTAINS_BLOCK","type":"relationship","properties":{"type":"Block"}}
{"id":"com.telelogic.rhapsody.core.RPClass@f6a6c99","type":"node","properties":{"name":"Monitor_02","genericType":"Class","type":"Block"},"labels":["Block","SimulinkBlock"]}
{"start":{"id":"com.telelogic.rhapsody.core.RPObjectModelDiagram@a8aa0f36"},"end":{"id":"com.telelogic.rhapsody.core.RPClass@f6a6c99"},"id":"","label":"CONTAINS_BLOCK","type":"relationship","properties":{"type":"Block"}}
{"start":{"id":"com.telelogic.rhapsody.core.RPClass@f6a6c99"},"end":{"id":"SineWaveDisplay"},"id":"","label":"CONTAINS_SIMULINK_MODEL","type":"relationship","properties":{"type":"Simulink Reference"}}
