{"id":"com.telelogic.rhapsody.core.RPPort@4d1159df","type":"node","properties":{"dataType":"Composition","name":"port_2","genericType":"Port","type":"Port","direction":""},"labels":["Port"]}
{"start":{"id":"com.telelogic.rhapsody.core.RPClass@6fb161c"},"end":{"id":"com.telelogic.rhapsody.core.RPPort@4d1159df"},"id":"","label":"HAS_PORT","type":"relationship","properties":{"type":"Port"}}
{"id":"com.telelogic.rhapsody.core.RPPort@c81ff442","type":"node","properties":{"dataType":"Composition","name":"port_1","genericType":"Port","type":"Port","direction":""},"labels":["Port"]}
{"start":{"id":"com.telelogic.rhapsody.core.RPClass@75a6aa64"},"end":{"id":"com.telelogic.rhapsody.core.RPPort@c81ff442"},"id":"","label":"HAS_PORT","type":"relationship","properties":{"type":"Port"}}
{"start":{"id":"com.telelogic.rhapsody.core.RPPort@4d1159df"},"end":{"id":"com.telelogic.rhapsody.core.RPPort@c81ff442"},"id":"","label":"HAS_FLOWS_TO","type":"relationship","properties":{"name":"itsCarStructure_itsEngine","type":"Flow"}}
{"start":{"id":"com.telelogic.rhapsody.core.RPSysMLPort@9e5a89e1"},"end":{"id":"com.telelogic.rhapsody.core.RPSysMLPort@b6d89898"},"id":"","label":"HAS_LINKS_TO","type":"relationship","properties":{"name":"itsDriver_itsMonitor","type":"Link"}}
{"id":"com.telelogic.rhapsody.core.RPSysMLPort@9e5a89e1","type":"node","properties":{"dataType":"real_T","name":"sinOut","genericType":"SysMLPort","type":"FlowPort","direction":"Out"},"labels":["Port"]}
{"start":{"id":"com.telelogic.rhapsody.core.RPClass@db536d27"},"end":{"id":"com.telelogic.rhapsody.core.RPSysMLPort@9e5a89e1"},"id":"","label":"HAS_PORT","type":"relationship","properties":{"type":"SysMLPort"}}
{"start":{"id":"com.telelogic.rhapsody.core.RPSysMLPort@9e5a89e1"},"end":{"id":"SineWaveGenerator\/sinOut"},"id":"","label":"IS_CONNECTED_WITH","type":"relationship","properties":{"type":"SysMLPort"}}
{"id":"com.telelogic.rhapsody.core.RPSysMLPort@b6d89898","type":"node","properties":{"dataType":"real_T","name":"sinIn","genericType":"SysMLPort","type":"FlowPort","direction":"In"},"labels":["Port"]}
{"start":{"id":"com.telelogic.rhapsody.core.RPClass@3b024c4f"},"end":{"id":"com.telelogic.rhapsody.core.RPSysMLPort@b6d89898"},"id":"","label":"HAS_PORT","type":"relationship","properties":{"type":"SysMLPort"}}
{"start":{"id":"com.telelogic.rhapsody.core.RPSysMLPort@b6d89898"},"end":{"id":"SineWaveDisplay\/sinIn"},"id":"","label":"IS_CONNECTED_WITH","type":"relationship","properties":{"type":"SysMLPort"}}
{"id":"com.telelogic.rhapsody.core.RPSysMLPort@8b951857","type":"node","properties":{"dataType":"int32_T","name":"In1","genericType":"SysMLPort","type":"FlowPort","direction":"In"},"labels":["Port"]}
{"start":{"id":"com.telelogic.rhapsody.core.RPClass@1424907f"},"end":{"id":"com.telelogic.rhapsody.core.RPSysMLPort@8b951857"},"id":"","label":"HAS_PORT","type":"relationship","properties":{"type":"SysMLPort"}}
{"start":{"id":"com.telelogic.rhapsody.core.RPSysMLPort@8b951857"},"end":{"id":"SumGain\/In1"},"id":"","label":"IS_CONNECTED_WITH","type":"relationship","properties":{"type":"SysMLPort"}}
{"id":"com.telelogic.rhapsody.core.RPSysMLPort@3954ad25","type":"node","properties":{"dataType":"int32_T","name":"In2","genericType":"SysMLPort","type":"FlowPort","direction":"In"},"labels":["Port"]}
{"start":{"id":"com.telelogic.rhapsody.core.RPClass@1424907f"},"end":{"id":"com.telelogic.rhapsody.core.RPSysMLPort@3954ad25"},"id":"","label":"HAS_PORT","type":"relationship","properties":{"type":"SysMLPort"}}
{"start":{"id":"com.telelogic.rhapsody.core.RPSysMLPort@3954ad25"},"end":{"id":"SumGain\/In2"},"id":"","label":"IS_CONNECTED_WITH","type":"relationship","properties":{"type":"SysMLPort"}}
{"id":"com.telelogic.rhapsody.core.RPSysMLPort@cc2f5e07","type":"node","properties":{"dataType":"int32_T","name":"Out1","genericType":"SysMLPort","type":"FlowPort","direction":"Out"},"labels":["Port"]}
{"start":{"id":"com.telelogic.rhapsody.core.RPClass@1424907f"},"end":{"id":"com.telelogic.rhapsody.core.RPSysMLPort@cc2f5e07"},"id":"","label":"HAS_PORT","type":"relationship","properties":{"type":"SysMLPort"}}
{"start":{"id":"com.telelogic.rhapsody.core.RPSysMLPort@cc2f5e07"},"end":{"id":"SumGain\/Out1"},"id":"","label":"IS_CONNECTED_WITH","type":"relationship","properties":{"type":"SysMLPort"}}
{"id":"com.telelogic.rhapsody.core.RPSysMLPort@7fd2634a","type":"node","properties":{"dataType":"int32_T","name":"Out2","genericType":"SysMLPort","type":"FlowPort","direction":"Out"},"labels":["Port"]}
{"start":{"id":"com.telelogic.rhapsody.core.RPClass@1424907f"},"end":{"id":"com.telelogic.rhapsody.core.RPSysMLPort@7fd2634a"},"id":"","label":"HAS_PORT","type":"relationship","properties":{"type":"SysMLPort"}}
{"start":{"id":"com.telelogic.rhapsody.core.RPSysMLPort@7fd2634a"},"end":{"id":"SumGain\/Out2"},"id":"","label":"IS_CONNECTED_WITH","type":"relationship","properties":{"type":"SysMLPort"}}
{"start":{"id":"com.telelogic.rhapsody.core.RPSysMLPort@4bb66e49"},"end":{"id":"com.telelogic.rhapsody.core.RPSysMLPort@8b951857"},"id":"","label":"HAS_LINKS_TO","type":"relationship","properties":{"name":"itsSource_itsMagic","type":"Link"}}
{"start":{"id":""},"end":{"id":""},"id":"","label":"HAS_LINKS_TO","type":"relationship","properties":{"name":"itsSource_itsMagic_0","type":"Link"}}
{"id":"com.telelogic.rhapsody.core.RPSysMLPort@4bb66e49","type":"node","properties":{"dataType":"int","name":"outPort_P11","genericType":"SysMLPort","type":"FlowPort","direction":"Out"},"labels":["Port"]}
{"start":{"id":"com.telelogic.rhapsody.core.RPClass@7cfc5623"},"end":{"id":"com.telelogic.rhapsody.core.RPSysMLPort@4bb66e49"},"id":"","label":"HAS_PORT","type":"relationship","properties":{"type":"SysMLPort"}}
{"id":"com.telelogic.rhapsody.core.RPSysMLPort@e30b7872","type":"node","properties":{"dataType":"int","name":"outPort_P12","genericType":"SysMLPort","type":"FlowPort","direction":"Out"},"labels":["Port"]}
{"start":{"id":"com.telelogic.rhapsody.core.RPClass@7cfc5623"},"end":{"id":"com.telelogic.rhapsody.core.RPSysMLPort@e30b7872"},"id":"","label":"HAS_PORT","type":"relationship","properties":{"type":"SysMLPort"}}
{"id":"com.telelogic.rhapsody.core.RPSysMLPort@4b672932","type":"node","properties":{"dataType":"int","name":"inPort_I12","genericType":"SysMLPort","type":"FlowPort","direction":"In"},"labels":["Port"]}
{"start":{"id":"com.telelogic.rhapsody.core.RPClass@2a4cf2b1"},"end":{"id":"com.telelogic.rhapsody.core.RPSysMLPort@4b672932"},"id":"","label":"HAS_PORT","type":"relationship","properties":{"type":"SysMLPort"}}
{"id":"com.telelogic.rhapsody.core.RPSysMLPort@852559e2","type":"node","properties":{"dataType":"int","name":"inPort_I11","genericType":"SysMLPort","type":"FlowPort","direction":"In"},"labels":["Port"]}
{"start":{"id":"com.telelogic.rhapsody.core.RPClass@2a4cf2b1"},"end":{"id":"com.telelogic.rhapsody.core.RPSysMLPort@852559e2"},"id":"","label":"HAS_PORT","type":"relationship","properties":{"type":"SysMLPort"}}
{"start":{"id":"com.telelogic.rhapsody.core.RPSysMLPort@cc2f5e07"},"end":{"id":"com.telelogic.rhapsody.core.RPSysMLPort@852559e2"},"id":"","label":"HAS_LINKS_TO","type":"relationship","properties":{"name":"itsMagic_itsSink","type":"Link"}}
{"start":{"id":"com.telelogic.rhapsody.core.RPSysMLPort@7fd2634a"},"end":{"id":"com.telelogic.rhapsody.core.RPSysMLPort@4b672932"},"id":"","label":"HAS_LINKS_TO","type":"relationship","properties":{"name":"itsMagic_itsSink_0","type":"Link"}}
{"start":{"id":"com.telelogic.rhapsody.core.RPSysMLPort@85109d0f"},"end":{"id":"com.telelogic.rhapsody.core.RPSysMLPort@b4cb3190"},"id":"","label":"HAS_LINKS_TO","type":"relationship","properties":{"name":"itsGenerator_02_itsMonitor_02","type":"Link"}}
{"id":"com.telelogic.rhapsody.core.RPSysMLPort@85109d0f","type":"node","properties":{"dataType":"real_T","name":"op","genericType":"SysMLPort","type":"FlowPort","direction":"Out"},"labels":["Port"]}
{"start":{"id":"com.telelogic.rhapsody.core.RPClass@999277b5"},"end":{"id":"com.telelogic.rhapsody.core.RPSysMLPort@85109d0f"},"id":"","label":"HAS_PORT","type":"relationship","properties":{"type":"SysMLPort"}}
{"id":"com.telelogic.rhapsody.core.RPSysMLPort@b4cb3190","type":"node","properties":{"dataType":"real_T","name":"sinIn","genericType":"SysMLPort","type":"FlowPort","direction":"In"},"labels":["Port"]}
{"start":{"id":"com.telelogic.rhapsody.core.RPClass@f6a6c99"},"end":{"id":"com.telelogic.rhapsody.core.RPSysMLPort@b4cb3190"},"id":"","label":"HAS_PORT","type":"relationship","properties":{"type":"SysMLPort"}}
{"start":{"id":"com.telelogic.rhapsody.core.RPSysMLPort@b4cb3190"},"end":{"id":"SineWaveDisplay\/sinIn"},"id":"","label":"IS_CONNECTED_WITH","type":"relationship","properties":{"type":"SysMLPort"}}
