{"id":"SineWaveDisplay","type":"node","labels":["Model"],"properties":{"name":"SineWaveDisplay","type":"block_diagram","extension":".slx","createdDate":"Mon Oct 31 14:43:47 2022","creator":"20204920","modifiedBy":"20204920","modifiedDate":"Thu Nov 03 23:59:28 2022","modifiedComment":"","description":"","startTime":"0.0","stopTime":"10.0"}}
{"id":"SineWaveDisplay/sinIn","type":"node","labels":["Block"],"properties":{"name":"sinIn","type":"Inport","typeDescription":"ConnectivityBlock","description":"Provide an input port for a subsystem or model. For Triggered Subsystems, 'Latch input by delaying outside signal' produces the value of the subsystem input at the previous time step. For Function-Call Subsystems, turning 'On' the 'Latch input for feedback signals of function-call subsystem outputs' prevents the input value to this subsystem from changing during its execution. The other parameters can be used to explicitly specify the input signal attributes.","numberOfInputPort":0,"numberOfOutputPort":1,"isCommented":"off"}}
{"id":"","type":"relationship","label":"CONTAINS","properties":{"type":"element"},"start":{"id":"SineWaveDisplay"},"end":{"id":"SineWaveDisplay/sinIn"}}
{"id":"SineWaveDisplay/Scope","type":"node","labels":["Block"],"properties":{"name":"Scope","type":"Scope","typeDescription":"","description":"Displays input signals with respect to simulation time","numberOfInputPort":1,"numberOfOutputPort":0,"isCommented":"off"}}
{"id":"","type":"relationship","label":"CONTAINS","properties":{"type":"element"},"start":{"id":"SineWaveDisplay"},"end":{"id":"SineWaveDisplay/Scope"}}
{"id":"SineWaveDisplay/sinIn/Outport1","type":"node","labels":["Port"],"properties":{"name":"Outport1","type":"outport","portNumber":1,"dataType":"double"}}
{"id":"","type":"relationship","label":"HAS_PORT","properties":{"type":"outport"},"start":{"id":"SineWaveDisplay/sinIn"},"end":{"id":"SineWaveDisplay/sinIn/Outport1"}}
{"id":"SineWaveDisplay/Scope/Inport1","type":"node","labels":["Port"],"properties":{"name":"Inport1","type":"inport","portNumber":1,"dataType":"double"}}
{"id":"","type":"relationship","label":"HAS_PORT","properties":{"type":"inport"},"start":{"id":"SineWaveDisplay/Scope"},"end":{"id":"SineWaveDisplay/Scope/Inport1"}}
{"id":"","type":"relationship","label":"SEND_DATA_TO","properties":{"segmentType":"trunk","type":"line"},"start":{"id":"SineWaveDisplay/sinIn/Outport1"},"end":{"id":"SineWaveDisplay/Scope/Inport1"}}
