{"id":"com.telelogic.rhapsody.core.RPUseCaseDiagram@31c1f5d7","type":"node","properties":{"ownerType":"Package","ownerName":"Default","name":"ADTS","description":"","genericType":"UseCaseDiagram","type":"UseCaseDiagram","ownerIdentifier":"com.telelogic.rhapsody.core.RPPackage@698e0970"},"labels":["UseCaseDiagram"]}
{"start":{"id":"com.telelogic.rhapsody.core.RPPackage@698e0970"},"end":{"id":"com.telelogic.rhapsody.core.RPUseCaseDiagram@31c1f5d7"},"id":"","label":"CONTAINS_DIAGRAM","type":"relationship","properties":{"type":"UseCaseDiagram"}}
{"id":"com.telelogic.rhapsody.core.RPActor@37e8b0bd","type":"node","properties":{"name":"Driver","genericType":"Actor","type":"Actor"},"labels":["Actor"]}
{"start":{"id":"com.telelogic.rhapsody.core.RPUseCaseDiagram@31c1f5d7"},"end":{"id":"com.telelogic.rhapsody.core.RPActor@37e8b0bd"},"id":"","label":"CONTAINS","type":"relationship","properties":{"type":"Actor"}}
{"id":"com.telelogic.rhapsody.core.RPActor@d233e283","type":"node","properties":{"name":"DC_Actor","genericType":"Actor","type":"Actor"},"labels":["Actor"]}
{"start":{"id":"com.telelogic.rhapsody.core.RPUseCaseDiagram@31c1f5d7"},"end":{"id":"com.telelogic.rhapsody.core.RPActor@d233e283"},"id":"","label":"CONTAINS","type":"relationship","properties":{"type":"Actor"}}
{"id":"com.telelogic.rhapsody.core.RPActor@679f4bc5","type":"node","properties":{"name":"Truck_Actor","genericType":"Actor","type":"Actor"},"labels":["Actor"]}
{"start":{"id":"com.telelogic.rhapsody.core.RPUseCaseDiagram@31c1f5d7"},"end":{"id":"com.telelogic.rhapsody.core.RPActor@679f4bc5"},"id":"","label":"CONTAINS","type":"relationship","properties":{"type":"Actor"}}
{"id":"com.telelogic.rhapsody.core.RPActor@32341971","type":"node","properties":{"name":"Environment_Actor","genericType":"Actor","type":"Actor"},"labels":["Actor"]}
{"start":{"id":"com.telelogic.rhapsody.core.RPUseCaseDiagram@31c1f5d7"},"end":{"id":"com.telelogic.rhapsody.core.RPActor@32341971"},"id":"","label":"CONTAINS","type":"relationship","properties":{"type":"Actor"}}
{"id":"com.telelogic.rhapsody.core.RPActor@23cec748","type":"node","properties":{"name":"Camera_Actor","genericType":"Actor","type":"Actor"},"labels":["Actor"]}
{"start":{"id":"com.telelogic.rhapsody.core.RPUseCaseDiagram@31c1f5d7"},"end":{"id":"com.telelogic.rhapsody.core.RPActor@23cec748"},"id":"","label":"CONTAINS","type":"relationship","properties":{"type":"Actor"}}
{"id":"com.telelogic.rhapsody.core.RPUseCase@88bf5808","type":"node","properties":{"name":"Enable Aunomous Mode","genericType":"UseCase","type":"UseCase"},"labels":["UseCase"]}
{"start":{"id":"com.telelogic.rhapsody.core.RPUseCaseDiagram@31c1f5d7"},"end":{"id":"com.telelogic.rhapsody.core.RPUseCase@88bf5808"},"id":"","label":"CONTAINS","type":"relationship","properties":{"type":"UseCase"}}
{"id":"com.telelogic.rhapsody.core.RPUseCase@4a71a9fc","type":"node","properties":{"name":"Turn Power Off","genericType":"UseCase","type":"UseCase"},"labels":["UseCase"]}
{"start":{"id":"com.telelogic.rhapsody.core.RPUseCaseDiagram@31c1f5d7"},"end":{"id":"com.telelogic.rhapsody.core.RPUseCase@4a71a9fc"},"id":"","label":"CONTAINS","type":"relationship","properties":{"type":"UseCase"}}
{"id":"com.telelogic.rhapsody.core.RPUseCase@7ff2c007","type":"node","properties":{"name":"Disable Autonomous Mode","genericType":"UseCase","type":"UseCase"},"labels":["UseCase"]}
{"start":{"id":"com.telelogic.rhapsody.core.RPUseCaseDiagram@31c1f5d7"},"end":{"id":"com.telelogic.rhapsody.core.RPUseCase@7ff2c007"},"id":"","label":"CONTAINS","type":"relationship","properties":{"type":"UseCase"}}
{"id":"com.telelogic.rhapsody.core.RPUseCase@2afee9fa","type":"node","properties":{"name":"Parking","genericType":"UseCase","type":"UseCase"},"labels":["UseCase"]}
{"start":{"id":"com.telelogic.rhapsody.core.RPUseCaseDiagram@31c1f5d7"},"end":{"id":"com.telelogic.rhapsody.core.RPUseCase@2afee9fa"},"id":"","label":"CONTAINS","type":"relationship","properties":{"type":"UseCase"}}
{"id":"com.telelogic.rhapsody.core.RPUseCase@9e50c213","type":"node","properties":{"name":"Path Generating","genericType":"UseCase","type":"UseCase"},"labels":["UseCase"]}
{"start":{"id":"com.telelogic.rhapsody.core.RPUseCaseDiagram@31c1f5d7"},"end":{"id":"com.telelogic.rhapsody.core.RPUseCase@9e50c213"},"id":"","label":"CONTAINS","type":"relationship","properties":{"type":"UseCase"}}
{"id":"com.telelogic.rhapsody.core.RPUseCase@3b059979","type":"node","properties":{"name":"Avoid Obstades","genericType":"UseCase","type":"UseCase"},"labels":["UseCase"]}
{"start":{"id":"com.telelogic.rhapsody.core.RPUseCaseDiagram@31c1f5d7"},"end":{"id":"com.telelogic.rhapsody.core.RPUseCase@3b059979"},"id":"","label":"CONTAINS","type":"relationship","properties":{"type":"UseCase"}}
{"id":"com.telelogic.rhapsody.core.RPUseCase@a0fdaf04","type":"node","properties":{"name":"Driving","genericType":"UseCase","type":"UseCase"},"labels":["UseCase"]}
{"start":{"id":"com.telelogic.rhapsody.core.RPUseCaseDiagram@31c1f5d7"},"end":{"id":"com.telelogic.rhapsody.core.RPUseCase@a0fdaf04"},"id":"","label":"CONTAINS","type":"relationship","properties":{"type":"UseCase"}}
{"id":"com.telelogic.rhapsody.core.RPUseCase@a8b2b8b2","type":"node","properties":{"name":"Detect Obstades","genericType":"UseCase","type":"UseCase"},"labels":["UseCase"]}
{"start":{"id":"com.telelogic.rhapsody.core.RPUseCaseDiagram@31c1f5d7"},"end":{"id":"com.telelogic.rhapsody.core.RPUseCase@a8b2b8b2"},"id":"","label":"CONTAINS","type":"relationship","properties":{"type":"UseCase"}}
{"id":"com.telelogic.rhapsody.core.RPUseCase@77b6c933","type":"node","properties":{"name":"Docking","genericType":"UseCase","type":"UseCase"},"labels":["UseCase"]}
{"start":{"id":"com.telelogic.rhapsody.core.RPUseCaseDiagram@31c1f5d7"},"end":{"id":"com.telelogic.rhapsody.core.RPUseCase@77b6c933"},"id":"","label":"CONTAINS","type":"relationship","properties":{"type":"UseCase"}}
{"id":"com.telelogic.rhapsody.core.RPUseCase@f07e5291","type":"node","properties":{"name":"Receiving Truck Position","genericType":"UseCase","type":"UseCase"},"labels":["UseCase"]}
{"start":{"id":"com.telelogic.rhapsody.core.RPUseCaseDiagram@31c1f5d7"},"end":{"id":"com.telelogic.rhapsody.core.RPUseCase@f07e5291"},"id":"","label":"CONTAINS","type":"relationship","properties":{"type":"UseCase"}}
{"id":"com.telelogic.rhapsody.core.RPUseCase@35272446","type":"node","properties":{"name":"Receiving Obstacle Coordination","genericType":"UseCase","type":"UseCase"},"labels":["UseCase"]}
{"start":{"id":"com.telelogic.rhapsody.core.RPUseCaseDiagram@31c1f5d7"},"end":{"id":"com.telelogic.rhapsody.core.RPUseCase@35272446"},"id":"","label":"CONTAINS","type":"relationship","properties":{"type":"UseCase"}}
{"id":"com.telelogic.rhapsody.core.RPUseCase@a7a70fb9","type":"node","properties":{"name":"Emergency Stopping","genericType":"UseCase","type":"UseCase"},"labels":["UseCase"]}
{"start":{"id":"com.telelogic.rhapsody.core.RPUseCaseDiagram@31c1f5d7"},"end":{"id":"com.telelogic.rhapsody.core.RPUseCase@a7a70fb9"},"id":"","label":"CONTAINS","type":"relationship","properties":{"type":"UseCase"}}
{"id":"com.telelogic.rhapsody.core.RPUseCase@839dc00","type":"node","properties":{"name":"Notify Battery Status","genericType":"UseCase","type":"UseCase"},"labels":["UseCase"]}
{"start":{"id":"com.telelogic.rhapsody.core.RPUseCaseDiagram@31c1f5d7"},"end":{"id":"com.telelogic.rhapsody.core.RPUseCase@839dc00"},"id":"","label":"CONTAINS","type":"relationship","properties":{"type":"UseCase"}}
{"start":{"id":"com.telelogic.rhapsody.core.RPActor@37e8b0bd"},"end":{"id":"com.telelogic.rhapsody.core.RPUseCase@88bf5808"},"id":"","label":"HAS_ASSOCIATION_WITH","type":"relationship","properties":{"name":"itsEnable Aunomous Mode","type":"Association"}}
{"start":{"id":"com.telelogic.rhapsody.core.RPUseCase@88bf5808"},"end":{"id":"com.telelogic.rhapsody.core.RPActor@37e8b0bd"},"id":"","label":"HAS_ASSOCIATION_WITH","type":"relationship","properties":{"name":"itsDriver","type":"Association"}}
{"start":{"id":"com.telelogic.rhapsody.core.RPActor@d233e283"},"end":{"id":"com.telelogic.rhapsody.core.RPUseCase@2afee9fa"},"id":"","label":"HAS_ASSOCIATION_WITH","type":"relationship","properties":{"name":"itsParking","type":"Association"}}
{"start":{"id":"com.telelogic.rhapsody.core.RPUseCase@2afee9fa"},"end":{"id":"com.telelogic.rhapsody.core.RPActor@d233e283"},"id":"","label":"HAS_ASSOCIATION_WITH","type":"relationship","properties":{"name":"itsDC_Actor","type":"Association"}}
{"start":{"id":"com.telelogic.rhapsody.core.RPActor@d233e283"},"end":{"id":"com.telelogic.rhapsody.core.RPUseCase@a0fdaf04"},"id":"","label":"HAS_ASSOCIATION_WITH","type":"relationship","properties":{"name":"itsDriving","type":"Association"}}
{"start":{"id":"com.telelogic.rhapsody.core.RPUseCase@a0fdaf04"},"end":{"id":"com.telelogic.rhapsody.core.RPActor@d233e283"},"id":"","label":"HAS_ASSOCIATION_WITH","type":"relationship","properties":{"name":"itsDC_Actor","type":"Association"}}
{"start":{"id":"com.telelogic.rhapsody.core.RPActor@d233e283"},"end":{"id":"com.telelogic.rhapsody.core.RPUseCase@77b6c933"},"id":"","label":"HAS_ASSOCIATION_WITH","type":"relationship","properties":{"name":"itsDocking","type":"Association"}}
{"start":{"id":"com.telelogic.rhapsody.core.RPUseCase@77b6c933"},"end":{"id":"com.telelogic.rhapsody.core.RPActor@d233e283"},"id":"","label":"HAS_ASSOCIATION_WITH","type":"relationship","properties":{"name":"itsDC_Actor","type":"Association"}}
{"start":{"id":"com.telelogic.rhapsody.core.RPActor@679f4bc5"},"end":{"id":"com.telelogic.rhapsody.core.RPUseCase@7ff2c007"},"id":"","label":"HAS_ASSOCIATION_WITH","type":"relationship","properties":{"name":"itsDisable Autonomous Mode_2","type":"Association"}}
{"start":{"id":"com.telelogic.rhapsody.core.RPActor@679f4bc5"},"end":{"id":"com.telelogic.rhapsody.core.RPUseCase@4a71a9fc"},"id":"","label":"HAS_ASSOCIATION_WITH","type":"relationship","properties":{"name":"itsTurn Power Off","type":"Association"}}
{"start":{"id":"com.telelogic.rhapsody.core.RPUseCase@4a71a9fc"},"end":{"id":"com.telelogic.rhapsody.core.RPActor@679f4bc5"},"id":"","label":"HAS_ASSOCIATION_WITH","type":"relationship","properties":{"name":"itsTruck_Actor","type":"Association"}}
{"start":{"id":"com.telelogic.rhapsody.core.RPActor@679f4bc5"},"end":{"id":"com.telelogic.rhapsody.core.RPUseCase@3b059979"},"id":"","label":"HAS_ASSOCIATION_WITH","type":"relationship","properties":{"name":"itsAvoid Obstades","type":"Association"}}
{"start":{"id":"com.telelogic.rhapsody.core.RPUseCase@3b059979"},"end":{"id":"com.telelogic.rhapsody.core.RPActor@679f4bc5"},"id":"","label":"HAS_ASSOCIATION_WITH","type":"relationship","properties":{"name":"itsTruck_Actor","type":"Association"}}
{"start":{"id":"com.telelogic.rhapsody.core.RPActor@32341971"},"end":{"id":"com.telelogic.rhapsody.core.RPUseCase@a8b2b8b2"},"id":"","label":"HAS_ASSOCIATION_WITH","type":"relationship","properties":{"name":"itsDetect Obstades","type":"Association"}}
{"start":{"id":"com.telelogic.rhapsody.core.RPUseCase@a8b2b8b2"},"end":{"id":"com.telelogic.rhapsody.core.RPActor@32341971"},"id":"","label":"HAS_ASSOCIATION_WITH","type":"relationship","properties":{"name":"itsEnvironment_Actor","type":"Association"}}
{"start":{"id":"com.telelogic.rhapsody.core.RPActor@23cec748"},"end":{"id":"com.telelogic.rhapsody.core.RPUseCase@a8b2b8b2"},"id":"","label":"HAS_ASSOCIATION_WITH","type":"relationship","properties":{"name":"itsDetect Obstades_1","type":"Association"}}
{"start":{"id":"com.telelogic.rhapsody.core.RPUseCase@a8b2b8b2"},"end":{"id":"com.telelogic.rhapsody.core.RPActor@23cec748"},"id":"","label":"HAS_ASSOCIATION_WITH","type":"relationship","properties":{"name":"itsCamera_Actor_1","type":"Association"}}
{"start":{"id":"com.telelogic.rhapsody.core.RPActor@679f4bc5"},"end":{"id":"com.telelogic.rhapsody.core.RPUseCase@88bf5808"},"id":"","label":"HAS_ASSOCIATION_WITH","type":"relationship","properties":{"name":"itsEnable Aunomous Mode_1","type":"Association"}}
{"start":{"id":"com.telelogic.rhapsody.core.RPUseCase@a0fdaf04"},"end":{"id":"com.telelogic.rhapsody.core.RPUseCase@9e50c213"},"id":"","label":"IS_CONNECTED_WITH","type":"relationship","properties":{"type":"Dependency"}}
{"start":{"id":"com.telelogic.rhapsody.core.RPUseCase@9e50c213"},"end":{"id":"com.telelogic.rhapsody.core.RPUseCase@a8b2b8b2"},"id":"","label":"IS_CONNECTED_WITH","type":"relationship","properties":{"type":"Dependency"}}
{"start":{"id":"com.telelogic.rhapsody.core.RPUseCase@a8b2b8b2"},"end":{"id":"com.telelogic.rhapsody.core.RPUseCase@35272446"},"id":"","label":"IS_CONNECTED_WITH","type":"relationship","properties":{"type":"Dependency"}}
{"start":{"id":"com.telelogic.rhapsody.core.RPUseCase@a0fdaf04"},"end":{"id":"com.telelogic.rhapsody.core.RPUseCase@f07e5291"},"id":"","label":"IS_CONNECTED_WITH","type":"relationship","properties":{"type":"Dependency"}}
{"start":{"id":"com.telelogic.rhapsody.core.RPUseCase@839dc00"},"end":{"id":"com.telelogic.rhapsody.core.RPUseCase@77b6c933"},"id":"","label":"IS_CONNECTED_WITH","type":"relationship","properties":{"type":"Dependency"}}
{"start":{"id":"com.telelogic.rhapsody.core.RPUseCase@77b6c933"},"end":{"id":"com.telelogic.rhapsody.core.RPUseCase@a0fdaf04"},"id":"","label":"IS_CONNECTED_WITH","type":"relationship","properties":{"type":"Dependency"}}
{"start":{"id":"com.telelogic.rhapsody.core.RPUseCase@2afee9fa"},"end":{"id":"com.telelogic.rhapsody.core.RPUseCase@a0fdaf04"},"id":"","label":"IS_CONNECTED_WITH","type":"relationship","properties":{"type":"Dependency"}}
{"start":{"id":"com.telelogic.rhapsody.core.RPUseCase@3b059979"},"end":{"id":"com.telelogic.rhapsody.core.RPUseCase@a8b2b8b2"},"id":"","label":"IS_CONNECTED_WITH","type":"relationship","properties":{"type":"Dependency"}}
