{"id":"com.telelogic.rhapsody.core.RPObjectModelDiagram@c5b139a5","type":"node","properties":{"ownerType":"Package","ownerName":"InterConnection","name":"SimulinkImport03","description":"","genericType":"ObjectModelDiagram","type":"Block Definition Diagram","ownerIdentifier":"com.telelogic.rhapsody.core.RPPackage@eebb89e5"},"labels":["BDDDiagram"]}
{"start":{"id":"com.telelogic.rhapsody.core.RPPackage@eebb89e5"},"end":{"id":"com.telelogic.rhapsody.core.RPObjectModelDiagram@c5b139a5"},"id":"","label":"CONTAINS_DIAGRAM","type":"relationship","properties":{"type":"Block Definition Diagram"}}
{"id":"com.telelogic.rhapsody.core.RPClass@1424907f","type":"node","properties":{"name":"Magic","genericType":"Class","type":"Block"},"labels":["Block","SimulinkBlock"]}
{"start":{"id":"com.telelogic.rhapsody.core.RPObjectModelDiagram@c5b139a5"},"end":{"id":"com.telelogic.rhapsody.core.RPClass@1424907f"},"id":"","label":"CONTAINS_BLOCK","type":"relationship","properties":{"type":"Block"}}
{"start":{"id":"com.telelogic.rhapsody.core.RPClass@1424907f"},"end":{"id":"SumGain"},"id":"","label":"CONTAINS_SIMULINK_MODEL","type":"relationship","properties":{"type":"Simulink Reference"}}
{"start":{"id":"com.telelogic.rhapsody.core.RPClass@1424907f"},"end":{"id":"com.telelogic.rhapsody.core.RPClass@7cfc5623"},"id":"","label":"HAS_ASSOCIATION_WITH","type":"relationship","properties":{"name":"itsSource","type":"Association"}}
{"start":{"id":"com.telelogic.rhapsody.core.RPClass@1424907f"},"end":{"id":"com.telelogic.rhapsody.core.RPClass@2a4cf2b1"},"id":"","label":"HAS_ASSOCIATION_WITH","type":"relationship","properties":{"name":"itsSink","type":"Association"}}
{"id":"com.telelogic.rhapsody.core.RPClass@7cfc5623","type":"node","properties":{"name":"Source","genericType":"Class","type":"Block"},"labels":["Block"]}
{"start":{"id":"com.telelogic.rhapsody.core.RPObjectModelDiagram@c5b139a5"},"end":{"id":"com.telelogic.rhapsody.core.RPClass@7cfc5623"},"id":"","label":"CONTAINS_BLOCK","type":"relationship","properties":{"type":"Block"}}
{"start":{"id":"com.telelogic.rhapsody.core.RPClass@7cfc5623"},"end":{"id":"com.telelogic.rhapsody.core.RPClass@1424907f"},"id":"","label":"HAS_ASSOCIATION_WITH","type":"relationship","properties":{"name":"itsMagic","type":"Association"}}
{"id":"com.telelogic.rhapsody.core.RPClass@2a4cf2b1","type":"node","properties":{"name":"Sink","genericType":"Class","type":"Block"},"labels":["Block"]}
{"start":{"id":"com.telelogic.rhapsody.core.RPObjectModelDiagram@c5b139a5"},"end":{"id":"com.telelogic.rhapsody.core.RPClass@2a4cf2b1"},"id":"","label":"CONTAINS_BLOCK","type":"relationship","properties":{"type":"Block"}}
{"start":{"id":"com.telelogic.rhapsody.core.RPClass@2a4cf2b1"},"end":{"id":"com.telelogic.rhapsody.core.RPClass@1424907f"},"id":"","label":"HAS_ASSOCIATION_WITH","type":"relationship","properties":{"name":"itsMagic","type":"Association"}}
