{"id":"com.telelogic.rhapsody.core.RPProject@a8ddb2d5","type":"node","properties":{"name":"JuanSampleModel","description":"","genericType":"Project","type":"SysML"},"labels":["Project"]}
{"id":"com.telelogic.rhapsody.core.RPPackage@698e0970","type":"node","properties":{"ownerType":"Project","ownerName":"JuanSampleModel","name":"Default","description":"","genericType":"Package","type":"Package","ownerIdentifier":"com.telelogic.rhapsody.core.RPProject@a8ddb2d5"},"labels":["Package"]}
{"start":{"id":"com.telelogic.rhapsody.core.RPProject@a8ddb2d5"},"end":{"id":"com.telelogic.rhapsody.core.RPPackage@698e0970"},"id":"","label":"CONTAINS","type":"relationship","properties":{"type":"package"}}
{"id":"com.telelogic.rhapsody.core.RPPackage@febf881b","type":"node","properties":{"ownerType":"Project","ownerName":"JuanSampleModel","name":"REQUIREMENTS","description":"","genericType":"Package","type":"Package","ownerIdentifier":"com.telelogic.rhapsody.core.RPProject@a8ddb2d5"},"labels":["Package"]}
{"start":{"id":"com.telelogic.rhapsody.core.RPProject@a8ddb2d5"},"end":{"id":"com.telelogic.rhapsody.core.RPPackage@febf881b"},"id":"","label":"CONTAINS","type":"relationship","properties":{"type":"package"}}
{"id":"com.telelogic.rhapsody.core.RPPackage@3d6a7c5c","type":"node","properties":{"ownerType":"Project","ownerName":"JuanSampleModel","name":"Structural_Pkg","description":"","genericType":"Package","type":"Package","ownerIdentifier":"com.telelogic.rhapsody.core.RPProject@a8ddb2d5"},"labels":["Package"]}
{"start":{"id":"com.telelogic.rhapsody.core.RPProject@a8ddb2d5"},"end":{"id":"com.telelogic.rhapsody.core.RPPackage@3d6a7c5c"},"id":"","label":"CONTAINS","type":"relationship","properties":{"type":"package"}}
{"id":"com.telelogic.rhapsody.core.RPPackage@fc12dfaa","type":"node","properties":{"ownerType":"Project","ownerName":"JuanSampleModel","name":"DemoPkg","description":"","genericType":"Package","type":"Package","ownerIdentifier":"com.telelogic.rhapsody.core.RPProject@a8ddb2d5"},"labels":["Package"]}
{"start":{"id":"com.telelogic.rhapsody.core.RPProject@a8ddb2d5"},"end":{"id":"com.telelogic.rhapsody.core.RPPackage@fc12dfaa"},"id":"","label":"CONTAINS","type":"relationship","properties":{"type":"package"}}
{"id":"com.telelogic.rhapsody.core.RPPackage@eebb89e5","type":"node","properties":{"ownerType":"Project","ownerName":"JuanSampleModel","name":"InterConnection","description":"","genericType":"Package","type":"Package","ownerIdentifier":"com.telelogic.rhapsody.core.RPProject@a8ddb2d5"},"labels":["Package"]}
{"start":{"id":"com.telelogic.rhapsody.core.RPProject@a8ddb2d5"},"end":{"id":"com.telelogic.rhapsody.core.RPPackage@eebb89e5"},"id":"","label":"CONTAINS","type":"relationship","properties":{"type":"package"}}
