{"id":"SineWaveGenerator","type":"node","labels":["Model"],"properties":{"name":"SineWaveGenerator","type":"block_diagram","extension":".slx","createdDate":"Mon Oct 31 14:40:52 2022","creator":"20204920","modifiedBy":"20204920","modifiedDate":"Thu Nov 03 23:59:28 2022","modifiedComment":"","description":"","startTime":"0.0","stopTime":"10.0"}}
{"id":"SineWaveGenerator/Sine Wave","type":"node","labels":["Block"],"properties":{"name":"Sine Wave","type":"Sin","typeDescription":"","description":"Output a sine wave:     O(t) = Amp*Sin(Freq*t+Phase) + Bias  Sine type determines the computational technique used. The parameters in the two types are related through:  Samples per period = 2*pi / (Frequency * Sample time)  Number of offset samples = Phase * Samples per period / (2*pi)  Use the sample-based sine type if numerical problems due to running for large times (e.g. overflow in absolute time) occur.","numberOfInputPort":0,"numberOfOutputPort":1,"isCommented":"off"}}
{"id":"","type":"relationship","label":"CONTAINS","properties":{"type":"element"},"start":{"id":"SineWaveGenerator"},"end":{"id":"SineWaveGenerator/Sine Wave"}}
{"id":"SineWaveGenerator/sinOut","type":"node","labels":["Block"],"properties":{"name":"sinOut","type":"Outport","typeDescription":"ConnectivityBlock","description":"Provide an output port for a subsystem or model.  The 'Output when disabled' and 'Initial output' parameters only apply to conditionally executed subsystems. When a conditionally executed subsystem is disabled, the output is either held at its last value or set to the 'Initial output'.","numberOfInputPort":1,"numberOfOutputPort":0,"isCommented":"off"}}
{"id":"","type":"relationship","label":"CONTAINS","properties":{"type":"element"},"start":{"id":"SineWaveGenerator"},"end":{"id":"SineWaveGenerator/sinOut"}}
{"id":"SineWaveGenerator/Sine Wave/Outport1","type":"node","labels":["Port"],"properties":{"name":"Outport1","type":"outport","portNumber":1,"dataType":"double"}}
{"id":"","type":"relationship","label":"HAS_PORT","properties":{"type":"outport"},"start":{"id":"SineWaveGenerator/Sine Wave"},"end":{"id":"SineWaveGenerator/Sine Wave/Outport1"}}
{"id":"SineWaveGenerator/sinOut/Inport1","type":"node","labels":["Port"],"properties":{"name":"Inport1","type":"inport","portNumber":1,"dataType":"double"}}
{"id":"","type":"relationship","label":"HAS_PORT","properties":{"type":"inport"},"start":{"id":"SineWaveGenerator/sinOut"},"end":{"id":"SineWaveGenerator/sinOut/Inport1"}}
{"id":"","type":"relationship","label":"SEND_DATA_TO","properties":{"segmentType":"trunk","type":"line"},"start":{"id":"SineWaveGenerator/Sine Wave/Outport1"},"end":{"id":"SineWaveGenerator/sinOut/Inport1"}}
