{"id":"com.telelogic.rhapsody.core.RPFlowchart@69e2c6b5","type":"node","properties":{"ownerType":"Block","ownerName":"Calculator_Block","name":"activity_diagram_001","description":"","genericType":"ActivityDiagram","type":"ActivityDiagram","ownerIdentifier":"com.telelogic.rhapsody.core.RPClass@30cf4d5e"},"labels":["ActivityDiagram"]}
{"start":{"id":"com.telelogic.rhapsody.core.RPClass@30cf4d5e"},"end":{"id":"com.telelogic.rhapsody.core.RPFlowchart@69e2c6b5"},"id":"","label":"CONTAINS_DIAGRAM","type":"relationship","properties":{"type":"activity diagram"}}
{"id":"com.telelogic.rhapsody.core.RPState@db30ac71","type":"node","properties":{"exitAction":"","name":"ROOT","genericType":"State","type":"State","entryAction":""},"labels":["block"]}
{"start":{"id":"com.telelogic.rhapsody.core.RPFlowchart@69e2c6b5"},"end":{"id":"com.telelogic.rhapsody.core.RPState@db30ac71"},"id":"","label":"CONTAINS","type":"relationship","properties":{"type":"State"}}
{"id":"com.telelogic.rhapsody.core.RPConnector@105f0d0c","type":"node","properties":{"name":"Fork_Block1","genericType":"Fork","type":"Fork"},"labels":["block"]}
{"start":{"id":"com.telelogic.rhapsody.core.RPFlowchart@69e2c6b5"},"end":{"id":"com.telelogic.rhapsody.core.RPConnector@105f0d0c"},"id":"","label":"CONTAINS","type":"relationship","properties":{"type":"Fork"}}
{"id":"com.telelogic.rhapsody.core.RPState@5ce8ef03","type":"node","properties":{"exitAction":"","name":"readX","genericType":"State","type":"State","entryAction":"a=getX();"},"labels":["block"]}
{"start":{"id":"com.telelogic.rhapsody.core.RPFlowchart@69e2c6b5"},"end":{"id":"com.telelogic.rhapsody.core.RPState@5ce8ef03"},"id":"","label":"CONTAINS","type":"relationship","properties":{"type":"State"}}
{"id":"com.telelogic.rhapsody.core.RPPin@8dcb0120","type":"node","properties":{"pinType":"OutPin","name":"a","genericType":"Pin","type":"Pin","pinDirection":"Out"},"labels":["Pin"]}
{"start":{"id":"com.telelogic.rhapsody.core.RPState@5ce8ef03"},"end":{"id":"com.telelogic.rhapsody.core.RPPin@8dcb0120"},"id":"","label":"HAS","type":"relationship","properties":{"type":"Pin"}}
{"id":"com.telelogic.rhapsody.core.RPState@737c020","type":"node","properties":{"exitAction":"","name":"readY","genericType":"State","type":"State","entryAction":"b=getY();"},"labels":["block"]}
{"start":{"id":"com.telelogic.rhapsody.core.RPFlowchart@69e2c6b5"},"end":{"id":"com.telelogic.rhapsody.core.RPState@737c020"},"id":"","label":"CONTAINS","type":"relationship","properties":{"type":"State"}}
{"id":"com.telelogic.rhapsody.core.RPPin@84862ebf","type":"node","properties":{"pinType":"OutPin","name":"b","genericType":"Pin","type":"Pin","pinDirection":"Out"},"labels":["Pin"]}
{"start":{"id":"com.telelogic.rhapsody.core.RPState@737c020"},"end":{"id":"com.telelogic.rhapsody.core.RPPin@84862ebf"},"id":"","label":"HAS","type":"relationship","properties":{"type":"Pin"}}
{"id":"com.telelogic.rhapsody.core.RPState@2c41a3cf","type":"node","properties":{"exitAction":"","name":"AddingNumber","genericType":"State","type":"State","entryAction":"c = a + b;\r\n"},"labels":["block"]}
{"start":{"id":"com.telelogic.rhapsody.core.RPFlowchart@69e2c6b5"},"end":{"id":"com.telelogic.rhapsody.core.RPState@2c41a3cf"},"id":"","label":"CONTAINS","type":"relationship","properties":{"type":"State"}}
{"id":"com.telelogic.rhapsody.core.RPPin@590eb401","type":"node","properties":{"pinType":"InPin","name":"a","genericType":"Pin","type":"Pin","pinDirection":"In"},"labels":["Pin"]}
{"start":{"id":"com.telelogic.rhapsody.core.RPState@2c41a3cf"},"end":{"id":"com.telelogic.rhapsody.core.RPPin@590eb401"},"id":"","label":"HAS","type":"relationship","properties":{"type":"Pin"}}
{"id":"com.telelogic.rhapsody.core.RPPin@b702e0b2","type":"node","properties":{"pinType":"InPin","name":"b","genericType":"Pin","type":"Pin","pinDirection":"In"},"labels":["Pin"]}
{"start":{"id":"com.telelogic.rhapsody.core.RPState@2c41a3cf"},"end":{"id":"com.telelogic.rhapsody.core.RPPin@b702e0b2"},"id":"","label":"HAS","type":"relationship","properties":{"type":"Pin"}}
{"id":"com.telelogic.rhapsody.core.RPPin@ada6c356","type":"node","properties":{"pinType":"OutPin","name":"c","genericType":"Pin","type":"Pin","pinDirection":"Out"},"labels":["Pin"]}
{"start":{"id":"com.telelogic.rhapsody.core.RPState@2c41a3cf"},"end":{"id":"com.telelogic.rhapsody.core.RPPin@ada6c356"},"id":"","label":"HAS","type":"relationship","properties":{"type":"Pin"}}
{"id":"com.telelogic.rhapsody.core.RPState@7e920439","type":"node","properties":{"exitAction":"","name":"writeZ","genericType":"State","type":"State","entryAction":"setZ(c);"},"labels":["block"]}
{"start":{"id":"com.telelogic.rhapsody.core.RPFlowchart@69e2c6b5"},"end":{"id":"com.telelogic.rhapsody.core.RPState@7e920439"},"id":"","label":"CONTAINS","type":"relationship","properties":{"type":"State"}}
{"id":"com.telelogic.rhapsody.core.RPPin@f6119828","type":"node","properties":{"pinType":"InPin","name":"c","genericType":"Pin","type":"Pin","pinDirection":"In"},"labels":["Pin"]}
{"start":{"id":"com.telelogic.rhapsody.core.RPState@7e920439"},"end":{"id":"com.telelogic.rhapsody.core.RPPin@f6119828"},"id":"","label":"HAS","type":"relationship","properties":{"type":"Pin"}}
{"id":"com.telelogic.rhapsody.core.RPState@b2ed6d36","type":"node","properties":{"exitAction":"","name":"Final_Block_01","genericType":"State","type":"ActivityFinal","entryAction":""},"labels":["block"]}
{"start":{"id":"com.telelogic.rhapsody.core.RPFlowchart@69e2c6b5"},"end":{"id":"com.telelogic.rhapsody.core.RPState@b2ed6d36"},"id":"","label":"CONTAINS","type":"relationship","properties":{"type":"State"}}
{"start":{"id":"com.telelogic.rhapsody.core.RPState@db30ac71"},"end":{"id":"com.telelogic.rhapsody.core.RPConnector@105f0d0c"},"id":"","label":"HAS_TRANSITION_WITH","type":"relationship","properties":{"guard":"","name":"0","action":"","type":"DefaultTransition"}}
{"start":{"id":"com.telelogic.rhapsody.core.RPConnector@105f0d0c"},"end":{"id":"com.telelogic.rhapsody.core.RPState@5ce8ef03"},"id":"","label":"HAS_TRANSITION_WITH","type":"relationship","properties":{"guard":"","name":"1","action":"","type":"ControlFlow"}}
{"start":{"id":"com.telelogic.rhapsody.core.RPConnector@105f0d0c"},"end":{"id":"com.telelogic.rhapsody.core.RPState@737c020"},"id":"","label":"HAS_TRANSITION_WITH","type":"relationship","properties":{"guard":"","name":"2","action":"","type":"ControlFlow"}}
{"start":{"id":"com.telelogic.rhapsody.core.RPPin@8dcb0120"},"end":{"id":"com.telelogic.rhapsody.core.RPPin@590eb401"},"id":"","label":"HAS_TRANSITION_WITH","type":"relationship","properties":{"guard":"","name":"3","action":"","type":"ObjectFlow"}}
{"start":{"id":"com.telelogic.rhapsody.core.RPPin@84862ebf"},"end":{"id":"com.telelogic.rhapsody.core.RPPin@b702e0b2"},"id":"","label":"HAS_TRANSITION_WITH","type":"relationship","properties":{"guard":"","name":"4","action":"","type":"ObjectFlow"}}
{"start":{"id":"com.telelogic.rhapsody.core.RPState@7e920439"},"end":{"id":"com.telelogic.rhapsody.core.RPState@b2ed6d36"},"id":"","label":"HAS_TRANSITION_WITH","type":"relationship","properties":{"guard":"","name":"5","action":"","type":"ControlFlow"}}
{"start":{"id":"com.telelogic.rhapsody.core.RPPin@ada6c356"},"end":{"id":"com.telelogic.rhapsody.core.RPPin@f6119828"},"id":"","label":"HAS_TRANSITION_WITH","type":"relationship","properties":{"guard":"","name":"6","action":"","type":"ObjectFlow"}}
