{"id":"com.telelogic.rhapsody.core.RPStatechart@9aefc130","type":"node","properties":{"ownerType":"Block","ownerName":"Generator_02","name":"statechart_010101","description":"","genericType":"Statechart","type":"Statechart","ownerIdentifier":"com.telelogic.rhapsody.core.RPClass@999277b5"},"labels":["StateMachineDiagram"]}
{"start":{"id":"com.telelogic.rhapsody.core.RPClass@999277b5"},"end":{"id":"com.telelogic.rhapsody.core.RPStatechart@9aefc130"},"id":"","label":"CONTAINS_DIAGRAM","type":"relationship","properties":{"type":"state machine"}}
{"id":"com.telelogic.rhapsody.core.RPState@ba25faf7","type":"node","properties":{"name":"ROOT","genericType":"State","type":"State"},"labels":["block"]}
{"start":{"id":"com.telelogic.rhapsody.core.RPStatechart@9aefc130"},"end":{"id":"com.telelogic.rhapsody.core.RPState@ba25faf7"},"id":"","label":"CONTAINS","type":"relationship","properties":{"type":"State"}}
{"id":"com.telelogic.rhapsody.core.RPState@d920a657","type":"node","properties":{"name":"state_0","genericType":"State","type":"State"},"labels":["block"]}
{"start":{"id":"com.telelogic.rhapsody.core.RPStatechart@9aefc130"},"end":{"id":"com.telelogic.rhapsody.core.RPState@d920a657"},"id":"","label":"CONTAINS","type":"relationship","properties":{"type":"State"}}
{"id":"com.telelogic.rhapsody.core.RPState@f746592f","type":"node","properties":{"name":"state_1","genericType":"State","type":"State"},"labels":["block"]}
{"start":{"id":"com.telelogic.rhapsody.core.RPStatechart@9aefc130"},"end":{"id":"com.telelogic.rhapsody.core.RPState@f746592f"},"id":"","label":"CONTAINS","type":"relationship","properties":{"type":"State"}}
{"start":{"id":"com.telelogic.rhapsody.core.RPState@d920a657"},"end":{"id":"com.telelogic.rhapsody.core.RPState@f746592f"},"id":"","label":"HAS_TRANSITION_WITH","type":"relationship","properties":{"guard":"","name":"0","action":"setOp(2);","type":"Transition"}}
{"start":{"id":"com.telelogic.rhapsody.core.RPState@f746592f"},"end":{"id":"com.telelogic.rhapsody.core.RPState@d920a657"},"id":"","label":"HAS_TRANSITION_WITH","type":"relationship","properties":{"guard":"","name":"1","action":"setOp(-2);","type":"Transition"}}
{"start":{"id":"com.telelogic.rhapsody.core.RPState@ba25faf7"},"end":{"id":"com.telelogic.rhapsody.core.RPState@d920a657"},"id":"","label":"HAS_TRANSITION_WITH","type":"relationship","properties":{"guard":"","name":"2","action":"","type":"DefaultTransition"}}
