{"id":"com.telelogic.rhapsody.core.RPStatechart@d5dae0","type":"node","properties":{"ownerType":"Class","ownerName":"SimulinkBlockTemplate","name":"statechart_1","description":"","genericType":"Statechart","type":"Statechart","ownerIdentifier":"com.telelogic.rhapsody.core.RPClass@cd719f12"},"labels":["StateMachineDiagram"]}
{"start":{"id":"com.telelogic.rhapsody.core.RPClass@cd719f12"},"end":{"id":"com.telelogic.rhapsody.core.RPStatechart@d5dae0"},"id":"","label":"CONTAINS_DIAGRAM","type":"relationship","properties":{"type":"state machine"}}
{"id":"com.telelogic.rhapsody.core.RPState@fd562210","type":"node","properties":{"name":"ROOT","genericType":"State","type":"State"},"labels":["block"]}
{"start":{"id":"com.telelogic.rhapsody.core.RPStatechart@d5dae0"},"end":{"id":"com.telelogic.rhapsody.core.RPState@fd562210"},"id":"","label":"CONTAINS","type":"relationship","properties":{"type":"State"}}
{"id":"com.telelogic.rhapsody.core.RPState@8d70ab14","type":"node","properties":{"name":"running","genericType":"State","type":"State"},"labels":["block"]}
{"start":{"id":"com.telelogic.rhapsody.core.RPStatechart@d5dae0"},"end":{"id":"com.telelogic.rhapsody.core.RPState@8d70ab14"},"id":"","label":"CONTAINS","type":"relationship","properties":{"type":"State"}}
{"start":{"id":"com.telelogic.rhapsody.core.RPState@fd562210"},"end":{"id":"com.telelogic.rhapsody.core.RPState@8d70ab14"},"id":"","label":"HAS_TRANSITION_WITH","type":"relationship","properties":{"guard":"","name":"0","action":"","type":"DefaultTransition"}}
{"start":{"id":"com.telelogic.rhapsody.core.RPState@8d70ab14"},"end":{"id":"com.telelogic.rhapsody.core.RPState@8d70ab14"},"id":"","label":"HAS_TRANSITION_WITH","type":"relationship","properties":{"guard":"","name":"1","action":"doStep();","type":"Transition"}}
