{"Identifier":"com.telelogic.rhapsody.core.RPPackage@3d6a7c5c","MetaClass":"Package","UserDefinedMetaClass":"Package","OwnerOrParentIdentifier":"com.telelogic.rhapsody.core.RPProject@a8ddb2d5","OwnerOrParent":"JuanSampleModel","Name":"Structural_Pkg"}
{"Identifier":"com.telelogic.rhapsody.core.RPInstance@c368293b","MetaClass":"Object","UserDefinedMetaClass":"Object","OwnerOrParentIdentifier":"com.telelogic.rhapsody.core.RPClass@3b001686","OwnerOrParent":"TopLevel","Name":"part_1"}
{"Identifier":"com.telelogic.rhapsody.core.RPClass@f8a2bdc0","MetaClass":"Class","UserDefinedMetaClass":"Class","OwnerOrParentIdentifier":"com.telelogic.rhapsody.core.RPInstance@c368293b","OwnerOrParent":"part_1","Name":"part_1"}
{"Identifier":"com.telelogic.rhapsody.core.RPClass@6fb161c","MetaClass":"Class","UserDefinedMetaClass":"Block","OwnerOrParentIdentifier":"com.telelogic.rhapsody.core.RPPackage@3d6a7c5c","OwnerOrParent":"Structural_Pkg","Name":"Engine"}
{"Identifier":"com.telelogic.rhapsody.core.RPAttribute@e09710bf","MetaClass":"Attribute","UserDefinedMetaClass":"ValueProperty","OwnerOrParentIdentifier":"com.telelogic.rhapsody.core.RPClass@6fb161c","OwnerOrParent":"Engine","Name":"power"}
{"Identifier":"com.telelogic.rhapsody.core.RPAttribute@260cbf99","MetaClass":"Attribute","UserDefinedMetaClass":"ValueProperty","OwnerOrParentIdentifier":"com.telelogic.rhapsody.core.RPClass@6fb161c","OwnerOrParent":"Engine","Name":"weight"}
{"Identifier":"com.telelogic.rhapsody.core.RPOperation@9bb0371a","MetaClass":"Operation","UserDefinedMetaClass":"Operation","OwnerOrParentIdentifier":"com.telelogic.rhapsody.core.RPClass@6fb161c","OwnerOrParent":"Engine","Name":"accelerate"}
{"Identifier":"com.telelogic.rhapsody.core.RPOperation@bdddf06c","MetaClass":"Operation","UserDefinedMetaClass":"Operation","OwnerOrParentIdentifier":"com.telelogic.rhapsody.core.RPClass@6fb161c","OwnerOrParent":"Engine","Name":"brake"}
{"Identifier":"com.telelogic.rhapsody.core.RPPort@4d1159df","MetaClass":"Port","UserDefinedMetaClass":"Port","OwnerOrParentIdentifier":"com.telelogic.rhapsody.core.RPClass@6fb161c","OwnerOrParent":"Engine","Name":"port_2"}
{"Identifier":"com.telelogic.rhapsody.core.RPClass@653299a4","MetaClass":"Class","UserDefinedMetaClass":"Interface","OwnerOrParentIdentifier":"com.telelogic.rhapsody.core.RPPort@4d1159df","OwnerOrParent":"port_2","Name":"port_2_implicitContract"}
{"Identifier":"com.telelogic.rhapsody.core.RPClass@2fcf15ef","MetaClass":"Class","UserDefinedMetaClass":"Block","OwnerOrParentIdentifier":"com.telelogic.rhapsody.core.RPPackage@3d6a7c5c","OwnerOrParent":"Structural_Pkg","Name":"Car"}
{"Identifier":"com.telelogic.rhapsody.core.RPInstance@a824ec9b","MetaClass":"Object","UserDefinedMetaClass":"Object","OwnerOrParentIdentifier":"com.telelogic.rhapsody.core.RPClass@2fcf15ef","OwnerOrParent":"Car","Name":"itsEngine"}
{"Identifier":"com.telelogic.rhapsody.core.RPInstance@fa187331","MetaClass":"Object","UserDefinedMetaClass":"Object","OwnerOrParentIdentifier":"com.telelogic.rhapsody.core.RPClass@2fcf15ef","OwnerOrParent":"Car","Name":"itsCarStructure"}
{"Identifier":"com.telelogic.rhapsody.core.RPStructureDiagram@9504e360","MetaClass":"StructureDiagram","UserDefinedMetaClass":"Internal Block Diagram","OwnerOrParentIdentifier":"com.telelogic.rhapsody.core.RPClass@2fcf15ef","OwnerOrParent":"Car","Name":"internal block diagram_0"}
{"Identifier":"com.telelogic.rhapsody.core.RPClass@2d43f8be","MetaClass":"Class","UserDefinedMetaClass":"Block","OwnerOrParentIdentifier":"com.telelogic.rhapsody.core.RPClass@2fcf15ef","OwnerOrParent":"Car","Name":"Car"}
{"Identifier":"com.telelogic.rhapsody.core.RPClass@75a6aa64","MetaClass":"Class","UserDefinedMetaClass":"Block","OwnerOrParentIdentifier":"com.telelogic.rhapsody.core.RPPackage@3d6a7c5c","OwnerOrParent":"Structural_Pkg","Name":"CarStructure"}
{"Identifier":"com.telelogic.rhapsody.core.RPPort@c81ff442","MetaClass":"Port","UserDefinedMetaClass":"Port","OwnerOrParentIdentifier":"com.telelogic.rhapsody.core.RPClass@75a6aa64","OwnerOrParent":"CarStructure","Name":"port_1"}
{"Identifier":"com.telelogic.rhapsody.core.RPClass@f36cf719","MetaClass":"Class","UserDefinedMetaClass":"Interface","OwnerOrParentIdentifier":"com.telelogic.rhapsody.core.RPPort@c81ff442","OwnerOrParent":"port_1","Name":"port_1_implicitContract"}
{"Identifier":"com.telelogic.rhapsody.core.RPFlow@8f79e00","MetaClass":"Flow","UserDefinedMetaClass":"Flow","OwnerOrParentIdentifier":"com.telelogic.rhapsody.core.RPClass@75a6aa64","OwnerOrParent":"CarStructure","Name":"itsCarStructure_itsEngine"}
{"Identifier":"com.telelogic.rhapsody.core.RPUseCase@7c6edd00","MetaClass":"UseCase","UserDefinedMetaClass":"UseCase","OwnerOrParentIdentifier":"com.telelogic.rhapsody.core.RPPackage@3d6a7c5c","OwnerOrParent":"Structural_Pkg","Name":"usecase_14"}
{"Identifier":"com.telelogic.rhapsody.core.RPUseCase@3588b2a7","MetaClass":"UseCase","UserDefinedMetaClass":"UseCase","OwnerOrParentIdentifier":"com.telelogic.rhapsody.core.RPPackage@3d6a7c5c","OwnerOrParent":"Structural_Pkg","Name":"usecase_16"}
{"Identifier":"com.telelogic.rhapsody.core.RPObjectModelDiagram@b0c70303","MetaClass":"ObjectModelDiagram","UserDefinedMetaClass":"Block Definition Diagram","OwnerOrParentIdentifier":"com.telelogic.rhapsody.core.RPPackage@3d6a7c5c","OwnerOrParent":"Structural_Pkg","Name":"block definition diagram_001"}
{"Identifier":"com.telelogic.rhapsody.core.RPObjectModelDiagram@569c8001","MetaClass":"ObjectModelDiagram","UserDefinedMetaClass":"Requirements Diagram","OwnerOrParentIdentifier":"com.telelogic.rhapsody.core.RPPackage@3d6a7c5c","OwnerOrParent":"Structural_Pkg","Name":"requirements diagram_02"}
{"Identifier":"com.telelogic.rhapsody.core.RPRequirement@66d05d03","MetaClass":"Requirement","UserDefinedMetaClass":"Requirement","OwnerOrParentIdentifier":"com.telelogic.rhapsody.core.RPPackage@3d6a7c5c","OwnerOrParent":"Structural_Pkg","Name":"requirement_20"}
{"Identifier":"com.telelogic.rhapsody.core.RPDependency@a9a87dd8","MetaClass":"Dependency","UserDefinedMetaClass":"Dependency","OwnerOrParentIdentifier":"com.telelogic.rhapsody.core.RPRequirement@66d05d03","OwnerOrParent":"requirement_20","Name":"requirement_21"}
{"Identifier":"com.telelogic.rhapsody.core.RPDependency@67a694","MetaClass":"Dependency","UserDefinedMetaClass":"Dependency","OwnerOrParentIdentifier":"com.telelogic.rhapsody.core.RPRequirement@66d05d03","OwnerOrParent":"requirement_20","Name":"requirement_22"}
{"Identifier":"com.telelogic.rhapsody.core.RPRequirement@5160497c","MetaClass":"Requirement","UserDefinedMetaClass":"Requirement","OwnerOrParentIdentifier":"com.telelogic.rhapsody.core.RPPackage@3d6a7c5c","OwnerOrParent":"Structural_Pkg","Name":"requirement_21"}
{"Identifier":"com.telelogic.rhapsody.core.RPRequirement@2b7a7ec8","MetaClass":"Requirement","UserDefinedMetaClass":"Requirement","OwnerOrParentIdentifier":"com.telelogic.rhapsody.core.RPPackage@3d6a7c5c","OwnerOrParent":"Structural_Pkg","Name":"requirement_22"}
