{"Identifier":"com.telelogic.rhapsody.core.RPPackage@fa470542","MetaClass":"Package","OwnerOrParentIdentifier":"com.telelogic.rhapsody.core.RPProject@606caa2c","OwnerOrParent":"ADSimulation","Name":"DemoPkg"}
{"Identifier":"com.telelogic.rhapsody.core.RPClass@875462c4","MetaClass":"Class","OwnerOrParentIdentifier":"com.telelogic.rhapsody.core.RPPackage@fa470542","OwnerOrParent":"DemoPkg","Name":"Calculator_Block"}
{"Identifier":"com.telelogic.rhapsody.core.RPRelation@5d589c0f","MetaClass":"AssociationEnd","OwnerOrParentIdentifier":"com.telelogic.rhapsody.core.RPClass@875462c4","OwnerOrParent":"Calculator_Block","Name":"itsSecond_Block"}
{"Identifier":"com.telelogic.rhapsody.core.RPAttribute@36ff43ad","MetaClass":"Attribute","OwnerOrParentIdentifier":"com.telelogic.rhapsody.core.RPClass@875462c4","OwnerOrParent":"Calculator_Block","Name":"X"}
{"Identifier":"com.telelogic.rhapsody.core.RPLiteralSpecification@fd05cf18","MetaClass":"LiteralSpecification","OwnerOrParentIdentifier":"com.telelogic.rhapsody.core.RPAttribute@36ff43ad","OwnerOrParent":"X","Name":""}
{"Identifier":"com.telelogic.rhapsody.core.RPAttribute@d7c65288","MetaClass":"Attribute","OwnerOrParentIdentifier":"com.telelogic.rhapsody.core.RPClass@875462c4","OwnerOrParent":"Calculator_Block","Name":"Y"}
{"Identifier":"com.telelogic.rhapsody.core.RPLiteralSpecification@1f119de3","MetaClass":"LiteralSpecification","OwnerOrParentIdentifier":"com.telelogic.rhapsody.core.RPAttribute@d7c65288","OwnerOrParent":"Y","Name":""}
{"Identifier":"com.telelogic.rhapsody.core.RPAttribute@3c7eefe5","MetaClass":"Attribute","OwnerOrParentIdentifier":"com.telelogic.rhapsody.core.RPClass@875462c4","OwnerOrParent":"Calculator_Block","Name":"Z"}
{"Identifier":"com.telelogic.rhapsody.core.RPLiteralSpecification@a2d238f1","MetaClass":"LiteralSpecification","OwnerOrParentIdentifier":"com.telelogic.rhapsody.core.RPAttribute@3c7eefe5","OwnerOrParent":"Z","Name":""}
{"Identifier":"com.telelogic.rhapsody.core.RPFlowchart@bc08699e","MetaClass":"ActivityDiagram","OwnerOrParentIdentifier":"com.telelogic.rhapsody.core.RPClass@875462c4","OwnerOrParent":"Calculator_Block","Name":"activity_Diag_add"}
{"Identifier":"com.telelogic.rhapsody.core.RPState@ba78a10f","MetaClass":"State","OwnerOrParentIdentifier":"com.telelogic.rhapsody.core.RPFlowchart@bc08699e","OwnerOrParent":"activity_Diag_add","Name":"ROOT"}
{"Identifier":"com.telelogic.rhapsody.core.RPState@eb3c65f0","MetaClass":"State","OwnerOrParentIdentifier":"com.telelogic.rhapsody.core.RPFlowchart@bc08699e","OwnerOrParent":"activity_Diag_add","Name":"adding"}
{"Identifier":"com.telelogic.rhapsody.core.RPAction@48d8d046","MetaClass":"Action","OwnerOrParentIdentifier":"com.telelogic.rhapsody.core.RPState@eb3c65f0","OwnerOrParent":"adding","Name":""}
{"Identifier":"com.telelogic.rhapsody.core.RPState@cbfeb051","MetaClass":"State","OwnerOrParentIdentifier":"com.telelogic.rhapsody.core.RPFlowchart@bc08699e","OwnerOrParent":"activity_Diag_add","Name":"readX"}
{"Identifier":"com.telelogic.rhapsody.core.RPAction@58871b7","MetaClass":"Action","OwnerOrParentIdentifier":"com.telelogic.rhapsody.core.RPState@cbfeb051","OwnerOrParent":"readX","Name":""}
{"Identifier":"com.telelogic.rhapsody.core.RPState@f259603f","MetaClass":"State","OwnerOrParentIdentifier":"com.telelogic.rhapsody.core.RPFlowchart@bc08699e","OwnerOrParent":"activity_Diag_add","Name":"readY"}
{"Identifier":"com.telelogic.rhapsody.core.RPAction@c1f68861","MetaClass":"Action","OwnerOrParentIdentifier":"com.telelogic.rhapsody.core.RPState@f259603f","OwnerOrParent":"readY","Name":""}
{"Identifier":"com.telelogic.rhapsody.core.RPState@c87dcb34","MetaClass":"State","OwnerOrParentIdentifier":"com.telelogic.rhapsody.core.RPFlowchart@bc08699e","OwnerOrParent":"activity_Diag_add","Name":"writeZ"}
{"Identifier":"com.telelogic.rhapsody.core.RPAction@494d868","MetaClass":"Action","OwnerOrParentIdentifier":"com.telelogic.rhapsody.core.RPState@c87dcb34","OwnerOrParent":"writeZ","Name":""}
{"Identifier":"com.telelogic.rhapsody.core.RPState@55d52aac","MetaClass":"State","OwnerOrParentIdentifier":"com.telelogic.rhapsody.core.RPFlowchart@bc08699e","OwnerOrParent":"activity_Diag_add","Name":"activityfinal_15"}
{"Identifier":"com.telelogic.rhapsody.core.RPTransition@22352229","MetaClass":"DefaultTransition","OwnerOrParentIdentifier":"com.telelogic.rhapsody.core.RPFlowchart@bc08699e","OwnerOrParent":"activity_Diag_add","Name":"0"}
{"Identifier":"com.telelogic.rhapsody.core.RPTransition@fd1a3252","MetaClass":"Transition","OwnerOrParentIdentifier":"com.telelogic.rhapsody.core.RPFlowchart@bc08699e","OwnerOrParent":"activity_Diag_add","Name":"1"}
{"Identifier":"com.telelogic.rhapsody.core.RPTransition@ae53fe61","MetaClass":"Transition","OwnerOrParentIdentifier":"com.telelogic.rhapsody.core.RPFlowchart@bc08699e","OwnerOrParent":"activity_Diag_add","Name":"2"}
{"Identifier":"com.telelogic.rhapsody.core.RPTransition@572d0aa1","MetaClass":"Transition","OwnerOrParentIdentifier":"com.telelogic.rhapsody.core.RPFlowchart@bc08699e","OwnerOrParent":"activity_Diag_add","Name":"3"}
{"Identifier":"com.telelogic.rhapsody.core.RPTransition@d1175bb8","MetaClass":"Transition","OwnerOrParentIdentifier":"com.telelogic.rhapsody.core.RPFlowchart@bc08699e","OwnerOrParent":"activity_Diag_add","Name":"4"}
{"Identifier":"com.telelogic.rhapsody.core.RPGuard@6668df5b","MetaClass":"Guard","OwnerOrParentIdentifier":"com.telelogic.rhapsody.core.RPModelElement@c1691bec","OwnerOrParent":"","Name":""}
{"Identifier":"com.telelogic.rhapsody.core.RPTransition@78db95df","MetaClass":"Transition","OwnerOrParentIdentifier":"com.telelogic.rhapsody.core.RPFlowchart@bc08699e","OwnerOrParent":"activity_Diag_add","Name":"5"}
{"Identifier":"com.telelogic.rhapsody.core.RPTransition@696b076e","MetaClass":"Transition","OwnerOrParentIdentifier":"com.telelogic.rhapsody.core.RPFlowchart@bc08699e","OwnerOrParent":"activity_Diag_add","Name":"6"}
{"Identifier":"com.telelogic.rhapsody.core.RPPin@b9b9497c","MetaClass":"Pin","OwnerOrParentIdentifier":"com.telelogic.rhapsody.core.RPFlowchart@bc08699e","OwnerOrParent":"activity_Diag_add","Name":"a"}
{"Identifier":"com.telelogic.rhapsody.core.RPPin@31ad1be5","MetaClass":"Pin","OwnerOrParentIdentifier":"com.telelogic.rhapsody.core.RPFlowchart@bc08699e","OwnerOrParent":"activity_Diag_add","Name":"c"}
{"Identifier":"com.telelogic.rhapsody.core.RPPin@68c31dc6","MetaClass":"Pin","OwnerOrParentIdentifier":"com.telelogic.rhapsody.core.RPFlowchart@bc08699e","OwnerOrParent":"activity_Diag_add","Name":"b"}
{"Identifier":"com.telelogic.rhapsody.core.RPPin@3cff9dbd","MetaClass":"Pin","OwnerOrParentIdentifier":"com.telelogic.rhapsody.core.RPFlowchart@bc08699e","OwnerOrParent":"activity_Diag_add","Name":"a"}
{"Identifier":"com.telelogic.rhapsody.core.RPPin@6b279d21","MetaClass":"Pin","OwnerOrParentIdentifier":"com.telelogic.rhapsody.core.RPFlowchart@bc08699e","OwnerOrParent":"activity_Diag_add","Name":"b"}
{"Identifier":"com.telelogic.rhapsody.core.RPPin@78106640","MetaClass":"Pin","OwnerOrParentIdentifier":"com.telelogic.rhapsody.core.RPFlowchart@bc08699e","OwnerOrParent":"activity_Diag_add","Name":"c"}
{"Identifier":"com.telelogic.rhapsody.core.RPConnector@eb5379fd","MetaClass":"Fork","OwnerOrParentIdentifier":"com.telelogic.rhapsody.core.RPFlowchart@bc08699e","OwnerOrParent":"activity_Diag_add","Name":"fork_7"}
{"Identifier":"com.telelogic.rhapsody.core.RPActivityDiagram@3bac351b","MetaClass":"ActivityDiagramGE","OwnerOrParentIdentifier":"com.telelogic.rhapsody.core.RPFlowchart@bc08699e","OwnerOrParent":"activity_Diag_add","Name":"ActivityDiagram"}
{"Identifier":"com.telelogic.rhapsody.core.RPOperation@9ab04070","MetaClass":"Operation","OwnerOrParentIdentifier":"com.telelogic.rhapsody.core.RPClass@875462c4","OwnerOrParent":"Calculator_Block","Name":"Operation_Opt"}
{"Identifier":"com.telelogic.rhapsody.core.RPClass@55ac5d21","MetaClass":"Class","OwnerOrParentIdentifier":"com.telelogic.rhapsody.core.RPPackage@fa470542","OwnerOrParent":"DemoPkg","Name":"Second_Block"}
{"Identifier":"com.telelogic.rhapsody.core.RPRelation@f97cd753","MetaClass":"AssociationEnd","OwnerOrParentIdentifier":"com.telelogic.rhapsody.core.RPClass@55ac5d21","OwnerOrParent":"Second_Block","Name":"itsCalculator_Block"}
{"Identifier":"com.telelogic.rhapsody.core.RPInstance@cd2a67a2","MetaClass":"Object","OwnerOrParentIdentifier":"com.telelogic.rhapsody.core.RPClass@55ac5d21","OwnerOrParent":"Second_Block","Name":"itsThird_Block"}
{"Identifier":"com.telelogic.rhapsody.core.RPClass@6e7090bb","MetaClass":"Class","OwnerOrParentIdentifier":"com.telelogic.rhapsody.core.RPPackage@fa470542","OwnerOrParent":"DemoPkg","Name":"Third_Block"}
{"Identifier":"com.telelogic.rhapsody.core.RPGeneralization@85e61af9","MetaClass":"Generalization","OwnerOrParentIdentifier":"com.telelogic.rhapsody.core.RPClass@6e7090bb","OwnerOrParent":"Third_Block","Name":"Calculator_Block"}
