{"Identifier":"com.telelogic.rhapsody.core.RPPackage@698e0970","MetaClass":"Package","UserDefinedMetaClass":"Package","OwnerOrParentIdentifier":"com.telelogic.rhapsody.core.RPProject@a8ddb2d5","OwnerOrParent":"JuanSampleModel","Name":"Default"}
{"Identifier":"com.telelogic.rhapsody.core.RPInstance@c49d2afa","MetaClass":"Object","UserDefinedMetaClass":"Object","OwnerOrParentIdentifier":"com.telelogic.rhapsody.core.RPClass@4ebba281","OwnerOrParent":"TopLevel","Name":"part_0"}
{"Identifier":"com.telelogic.rhapsody.core.RPClass@54b3432e","MetaClass":"Class","UserDefinedMetaClass":"Class","OwnerOrParentIdentifier":"com.telelogic.rhapsody.core.RPInstance@c49d2afa","OwnerOrParent":"part_0","Name":"part_0"}
{"Identifier":"com.telelogic.rhapsody.core.RPClass@a73dd6ba","MetaClass":"Class","UserDefinedMetaClass":"Block","OwnerOrParentIdentifier":"com.telelogic.rhapsody.core.RPPackage@698e0970","OwnerOrParent":"Default","Name":"UC_AutonomouseMode"}
{"Identifier":"com.telelogic.rhapsody.core.RPRelation@2dadcd64","MetaClass":"AssociationEnd","UserDefinedMetaClass":"AssociationEnd","OwnerOrParentIdentifier":"com.telelogic.rhapsody.core.RPClass@a73dd6ba","OwnerOrParent":"UC_AutonomouseMode","Name":"itsTruck"}
{"Identifier":"com.telelogic.rhapsody.core.RPRelation@e354e136","MetaClass":"AssociationEnd","UserDefinedMetaClass":"AssociationEnd","OwnerOrParentIdentifier":"com.telelogic.rhapsody.core.RPClass@a73dd6ba","OwnerOrParent":"UC_AutonomouseMode","Name":"itsDC_2"}
{"Identifier":"com.telelogic.rhapsody.core.RPRelation@8061257e","MetaClass":"AssociationEnd","UserDefinedMetaClass":"AssociationEnd","OwnerOrParentIdentifier":"com.telelogic.rhapsody.core.RPClass@a73dd6ba","OwnerOrParent":"UC_AutonomouseMode","Name":"itsEnvironment_2"}
{"Identifier":"com.telelogic.rhapsody.core.RPAttribute@d98c0b46","MetaClass":"Attribute","UserDefinedMetaClass":"ValueProperty","OwnerOrParentIdentifier":"com.telelogic.rhapsody.core.RPClass@a73dd6ba","OwnerOrParent":"UC_AutonomouseMode","Name":"valueproperty_UC_1"}
{"Identifier":"com.telelogic.rhapsody.core.RPAttribute@c57a96ca","MetaClass":"Attribute","UserDefinedMetaClass":"ValueProperty","OwnerOrParentIdentifier":"com.telelogic.rhapsody.core.RPClass@a73dd6ba","OwnerOrParent":"UC_AutonomouseMode","Name":"valueproperty_UC_2"}
{"Identifier":"com.telelogic.rhapsody.core.RPStatechart@e77765cc","MetaClass":"Statechart","UserDefinedMetaClass":"Statechart","OwnerOrParentIdentifier":"com.telelogic.rhapsody.core.RPClass@a73dd6ba","OwnerOrParent":"UC_AutonomouseMode","Name":"statechart_Diagram"}
{"Identifier":"com.telelogic.rhapsody.core.RPState@a5e60a01","MetaClass":"State","UserDefinedMetaClass":"State","OwnerOrParentIdentifier":"com.telelogic.rhapsody.core.RPStatechart@e77765cc","OwnerOrParent":"statechart_Diagram","Name":"ROOT"}
{"Identifier":"com.telelogic.rhapsody.core.RPState@5f51b78d","MetaClass":"State","UserDefinedMetaClass":"State","OwnerOrParentIdentifier":"com.telelogic.rhapsody.core.RPStatechart@e77765cc","OwnerOrParent":"statechart_Diagram","Name":"Engine_Off"}
{"Identifier":"com.telelogic.rhapsody.core.RPState@8d599ce3","MetaClass":"State","UserDefinedMetaClass":"State","OwnerOrParentIdentifier":"com.telelogic.rhapsody.core.RPStatechart@e77765cc","OwnerOrParent":"statechart_Diagram","Name":"Engine_Status"}
{"Identifier":"com.telelogic.rhapsody.core.RPState@62281f35","MetaClass":"State","UserDefinedMetaClass":"State","OwnerOrParentIdentifier":"com.telelogic.rhapsody.core.RPStatechart@e77765cc","OwnerOrParent":"statechart_Diagram","Name":"Eigine_On"}
{"Identifier":"com.telelogic.rhapsody.core.RPState@355d87c7","MetaClass":"State","UserDefinedMetaClass":"State","OwnerOrParentIdentifier":"com.telelogic.rhapsody.core.RPStatechart@e77765cc","OwnerOrParent":"statechart_Diagram","Name":"ObstadePresent"}
{"Identifier":"com.telelogic.rhapsody.core.RPTransition@d2e6605d","MetaClass":"DefaultTransition","UserDefinedMetaClass":"DefaultTransition","OwnerOrParentIdentifier":"com.telelogic.rhapsody.core.RPStatechart@e77765cc","OwnerOrParent":"statechart_Diagram","Name":"0"}
{"Identifier":"com.telelogic.rhapsody.core.RPTransition@e3c07c09","MetaClass":"Transition","UserDefinedMetaClass":"Transition","OwnerOrParentIdentifier":"com.telelogic.rhapsody.core.RPStatechart@e77765cc","OwnerOrParent":"statechart_Diagram","Name":"1"}
{"Identifier":"com.telelogic.rhapsody.core.RPTrigger@72879a6c","MetaClass":"InterfaceItemTrigger","UserDefinedMetaClass":"InterfaceItemTrigger","OwnerOrParentIdentifier":"com.telelogic.rhapsody.core.RPModelElement@b03c2a9b","OwnerOrParent":"","Name":""}
{"Identifier":"com.telelogic.rhapsody.core.RPAction@e31fd1a2","MetaClass":"Action","UserDefinedMetaClass":"Action","OwnerOrParentIdentifier":"com.telelogic.rhapsody.core.RPModelElement@b03c2a9b","OwnerOrParent":"","Name":""}
{"Identifier":"com.telelogic.rhapsody.core.RPTransition@194b2035","MetaClass":"Transition","UserDefinedMetaClass":"Transition","OwnerOrParentIdentifier":"com.telelogic.rhapsody.core.RPStatechart@e77765cc","OwnerOrParent":"statechart_Diagram","Name":"2"}
{"Identifier":"com.telelogic.rhapsody.core.RPGuard@7b2165ae","MetaClass":"Guard","UserDefinedMetaClass":"Guard","OwnerOrParentIdentifier":"com.telelogic.rhapsody.core.RPModelElement@32d374d7","OwnerOrParent":"","Name":""}
{"Identifier":"com.telelogic.rhapsody.core.RPTransition@24e9c608","MetaClass":"Transition","UserDefinedMetaClass":"Transition","OwnerOrParentIdentifier":"com.telelogic.rhapsody.core.RPStatechart@e77765cc","OwnerOrParent":"statechart_Diagram","Name":"3"}
{"Identifier":"com.telelogic.rhapsody.core.RPGuard@8044f172","MetaClass":"Guard","UserDefinedMetaClass":"Guard","OwnerOrParentIdentifier":"com.telelogic.rhapsody.core.RPModelElement@44e578e4","OwnerOrParent":"","Name":""}
{"Identifier":"com.telelogic.rhapsody.core.RPTransition@63ae8656","MetaClass":"Transition","UserDefinedMetaClass":"Transition","OwnerOrParentIdentifier":"com.telelogic.rhapsody.core.RPStatechart@e77765cc","OwnerOrParent":"statechart_Diagram","Name":"4"}
{"Identifier":"com.telelogic.rhapsody.core.RPTrigger@350fd163","MetaClass":"InterfaceItemTrigger","UserDefinedMetaClass":"InterfaceItemTrigger","OwnerOrParentIdentifier":"com.telelogic.rhapsody.core.RPModelElement@ca9d49ff","OwnerOrParent":"","Name":""}
{"Identifier":"com.telelogic.rhapsody.core.RPAction@5b742a95","MetaClass":"Action","UserDefinedMetaClass":"Action","OwnerOrParentIdentifier":"com.telelogic.rhapsody.core.RPModelElement@ca9d49ff","OwnerOrParent":"","Name":""}
{"Identifier":"com.telelogic.rhapsody.core.RPTransition@c94f323e","MetaClass":"Transition","UserDefinedMetaClass":"Transition","OwnerOrParentIdentifier":"com.telelogic.rhapsody.core.RPStatechart@e77765cc","OwnerOrParent":"statechart_Diagram","Name":"5"}
{"Identifier":"com.telelogic.rhapsody.core.RPGuard@672ef0a1","MetaClass":"Guard","UserDefinedMetaClass":"Guard","OwnerOrParentIdentifier":"com.telelogic.rhapsody.core.RPModelElement@871507ac","OwnerOrParent":"","Name":""}
{"Identifier":"com.telelogic.rhapsody.core.RPTransition@d1ed9590","MetaClass":"Transition","UserDefinedMetaClass":"Transition","OwnerOrParentIdentifier":"com.telelogic.rhapsody.core.RPStatechart@e77765cc","OwnerOrParent":"statechart_Diagram","Name":"6"}
{"Identifier":"com.telelogic.rhapsody.core.RPTransition@4a675b26","MetaClass":"Transition","UserDefinedMetaClass":"Transition","OwnerOrParentIdentifier":"com.telelogic.rhapsody.core.RPStatechart@e77765cc","OwnerOrParent":"statechart_Diagram","Name":"7"}
{"Identifier":"com.telelogic.rhapsody.core.RPTransition@51567837","MetaClass":"Transition","UserDefinedMetaClass":"Transition","OwnerOrParentIdentifier":"com.telelogic.rhapsody.core.RPStatechart@e77765cc","OwnerOrParent":"statechart_Diagram","Name":"8"}
{"Identifier":"com.telelogic.rhapsody.core.RPConnector@1f9a1de6","MetaClass":"TerminationConnector","UserDefinedMetaClass":"TerminationConnector","OwnerOrParentIdentifier":"com.telelogic.rhapsody.core.RPStatechart@e77765cc","OwnerOrParent":"statechart_Diagram","Name":"terminationconnector_1"}
{"Identifier":"com.telelogic.rhapsody.core.RPStatechartDiagram@efacccf7","MetaClass":"StatechartDiagram","UserDefinedMetaClass":"StatechartDiagram","OwnerOrParentIdentifier":"com.telelogic.rhapsody.core.RPStatechart@e77765cc","OwnerOrParent":"statechart_Diagram","Name":"StatechartDiagram"}
{"Identifier":"com.telelogic.rhapsody.core.RPOperation@c48ee8bc","MetaClass":"Operation","UserDefinedMetaClass":"Operation","OwnerOrParentIdentifier":"com.telelogic.rhapsody.core.RPClass@a73dd6ba","OwnerOrParent":"UC_AutonomouseMode","Name":"Operation_UC_1"}
{"Identifier":"com.telelogic.rhapsody.core.RPOperation@16ff13b9","MetaClass":"Operation","UserDefinedMetaClass":"Operation","OwnerOrParentIdentifier":"com.telelogic.rhapsody.core.RPClass@a73dd6ba","OwnerOrParent":"UC_AutonomouseMode","Name":"Operation_UC_2"}
{"Identifier":"com.telelogic.rhapsody.core.RPEventReception@bf969ec2","MetaClass":"EventReception","UserDefinedMetaClass":"Reception","OwnerOrParentIdentifier":"com.telelogic.rhapsody.core.RPClass@a73dd6ba","OwnerOrParent":"UC_AutonomouseMode","Name":"ignition"}
{"Identifier":"com.telelogic.rhapsody.core.RPClass@3c380f32","MetaClass":"Class","UserDefinedMetaClass":"Block","OwnerOrParentIdentifier":"com.telelogic.rhapsody.core.RPPackage@698e0970","OwnerOrParent":"Default","Name":"Environment"}
{"Identifier":"com.telelogic.rhapsody.core.RPRelation@5e6c5aa","MetaClass":"AssociationEnd","UserDefinedMetaClass":"AssociationEnd","OwnerOrParentIdentifier":"com.telelogic.rhapsody.core.RPClass@3c380f32","OwnerOrParent":"Environment","Name":"itsUC_AutonomouseMode_2"}
{"Identifier":"com.telelogic.rhapsody.core.RPInstance@cf336a1c","MetaClass":"Object","UserDefinedMetaClass":"Object","OwnerOrParentIdentifier":"com.telelogic.rhapsody.core.RPClass@3c380f32","OwnerOrParent":"Environment","Name":"itsObstacles"}
{"Identifier":"com.telelogic.rhapsody.core.RPClass@f5f658ca","MetaClass":"Class","UserDefinedMetaClass":"Block","OwnerOrParentIdentifier":"com.telelogic.rhapsody.core.RPPackage@698e0970","OwnerOrParent":"Default","Name":"Actuators"}
{"Identifier":"com.telelogic.rhapsody.core.RPClass@8c2ebd52","MetaClass":"Class","UserDefinedMetaClass":"Block","OwnerOrParentIdentifier":"com.telelogic.rhapsody.core.RPPackage@698e0970","OwnerOrParent":"Default","Name":"Obstacles"}
{"Identifier":"com.telelogic.rhapsody.core.RPClass@90b07432","MetaClass":"Class","UserDefinedMetaClass":"Block","OwnerOrParentIdentifier":"com.telelogic.rhapsody.core.RPPackage@698e0970","OwnerOrParent":"Default","Name":"PowertrainSystem"}
{"Identifier":"com.telelogic.rhapsody.core.RPInstance@97d4fe37","MetaClass":"Object","UserDefinedMetaClass":"Object","OwnerOrParentIdentifier":"com.telelogic.rhapsody.core.RPClass@90b07432","OwnerOrParent":"PowertrainSystem","Name":"itsMotor"}
{"Identifier":"com.telelogic.rhapsody.core.RPInstance@9d6bd0ee","MetaClass":"Object","UserDefinedMetaClass":"Object","OwnerOrParentIdentifier":"com.telelogic.rhapsody.core.RPClass@90b07432","OwnerOrParent":"PowertrainSystem","Name":"itsBattery_1"}
{"Identifier":"com.telelogic.rhapsody.core.RPClass@28dc2f23","MetaClass":"Class","UserDefinedMetaClass":"Block","OwnerOrParentIdentifier":"com.telelogic.rhapsody.core.RPPackage@698e0970","OwnerOrParent":"Default","Name":"Steering"}
{"Identifier":"com.telelogic.rhapsody.core.RPClass@8c1f0cc4","MetaClass":"Class","UserDefinedMetaClass":"Block","OwnerOrParentIdentifier":"com.telelogic.rhapsody.core.RPPackage@698e0970","OwnerOrParent":"Default","Name":"DC"}
{"Identifier":"com.telelogic.rhapsody.core.RPRelation@ca07c83","MetaClass":"AssociationEnd","UserDefinedMetaClass":"AssociationEnd","OwnerOrParentIdentifier":"com.telelogic.rhapsody.core.RPClass@8c1f0cc4","OwnerOrParent":"DC","Name":"itsUC_AutonomouseMode"}
{"Identifier":"com.telelogic.rhapsody.core.RPRelation@c205904d","MetaClass":"AssociationEnd","UserDefinedMetaClass":"AssociationEnd","OwnerOrParentIdentifier":"com.telelogic.rhapsody.core.RPClass@8c1f0cc4","OwnerOrParent":"DC","Name":"itsDockingBay"}
{"Identifier":"com.telelogic.rhapsody.core.RPRelation@8b1b9399","MetaClass":"AssociationEnd","UserDefinedMetaClass":"AssociationEnd","OwnerOrParentIdentifier":"com.telelogic.rhapsody.core.RPClass@8c1f0cc4","OwnerOrParent":"DC","Name":"itsParkingBay"}
{"Identifier":"com.telelogic.rhapsody.core.RPRelation@aae08ffd","MetaClass":"AssociationEnd","UserDefinedMetaClass":"AssociationEnd","OwnerOrParentIdentifier":"com.telelogic.rhapsody.core.RPClass@8c1f0cc4","OwnerOrParent":"DC","Name":"itsLogisticsManpower"}
{"Identifier":"com.telelogic.rhapsody.core.RPRelation@939fca90","MetaClass":"AssociationEnd","UserDefinedMetaClass":"AssociationEnd","OwnerOrParentIdentifier":"com.telelogic.rhapsody.core.RPClass@8c1f0cc4","OwnerOrParent":"DC","Name":"itsCamera"}
{"Identifier":"com.telelogic.rhapsody.core.RPRelation@ee847eca","MetaClass":"AssociationEnd","UserDefinedMetaClass":"AssociationEnd","OwnerOrParentIdentifier":"com.telelogic.rhapsody.core.RPClass@8c1f0cc4","OwnerOrParent":"DC","Name":"itsUC_AutonomouseMode_1"}
{"Identifier":"com.telelogic.rhapsody.core.RPClass@448f29af","MetaClass":"Class","UserDefinedMetaClass":"Block","OwnerOrParentIdentifier":"com.telelogic.rhapsody.core.RPPackage@698e0970","OwnerOrParent":"Default","Name":"DockingBay"}
{"Identifier":"com.telelogic.rhapsody.core.RPRelation@777313e5","MetaClass":"AssociationEnd","UserDefinedMetaClass":"AssociationEnd","OwnerOrParentIdentifier":"com.telelogic.rhapsody.core.RPClass@448f29af","OwnerOrParent":"DockingBay","Name":"itsDC"}
{"Identifier":"com.telelogic.rhapsody.core.RPClass@8090e814","MetaClass":"Class","UserDefinedMetaClass":"Block","OwnerOrParentIdentifier":"com.telelogic.rhapsody.core.RPPackage@698e0970","OwnerOrParent":"Default","Name":"Truck"}
{"Identifier":"com.telelogic.rhapsody.core.RPRelation@b04b84f5","MetaClass":"AssociationEnd","UserDefinedMetaClass":"AssociationEnd","OwnerOrParentIdentifier":"com.telelogic.rhapsody.core.RPClass@8090e814","OwnerOrParent":"Truck","Name":"itsUC_AutonomouseMode"}
{"Identifier":"com.telelogic.rhapsody.core.RPInstance@3bee3c56","MetaClass":"Object","UserDefinedMetaClass":"Object","OwnerOrParentIdentifier":"com.telelogic.rhapsody.core.RPClass@8090e814","OwnerOrParent":"Truck","Name":"itsActuators_1"}
{"Identifier":"com.telelogic.rhapsody.core.RPInstance@8132f9f","MetaClass":"Object","UserDefinedMetaClass":"Object","OwnerOrParentIdentifier":"com.telelogic.rhapsody.core.RPClass@8090e814","OwnerOrParent":"Truck","Name":"itsSteering"}
{"Identifier":"com.telelogic.rhapsody.core.RPInstance@998e7e13","MetaClass":"Object","UserDefinedMetaClass":"Object","OwnerOrParentIdentifier":"com.telelogic.rhapsody.core.RPClass@8090e814","OwnerOrParent":"Truck","Name":"itsPowertrainSystem"}
{"Identifier":"com.telelogic.rhapsody.core.RPInstance@1b9ff37c","MetaClass":"Object","UserDefinedMetaClass":"Object","OwnerOrParentIdentifier":"com.telelogic.rhapsody.core.RPClass@8090e814","OwnerOrParent":"Truck","Name":"itsTruck_Sensors_1"}
{"Identifier":"com.telelogic.rhapsody.core.RPClass@d6e4eff4","MetaClass":"Class","UserDefinedMetaClass":"Block","OwnerOrParentIdentifier":"com.telelogic.rhapsody.core.RPPackage@698e0970","OwnerOrParent":"Default","Name":"LogisticsManpower"}
{"Identifier":"com.telelogic.rhapsody.core.RPRelation@c432e186","MetaClass":"AssociationEnd","UserDefinedMetaClass":"AssociationEnd","OwnerOrParentIdentifier":"com.telelogic.rhapsody.core.RPClass@d6e4eff4","OwnerOrParent":"LogisticsManpower","Name":"itsDC_1"}
{"Identifier":"com.telelogic.rhapsody.core.RPClass@a331172a","MetaClass":"Class","UserDefinedMetaClass":"Block","OwnerOrParentIdentifier":"com.telelogic.rhapsody.core.RPPackage@698e0970","OwnerOrParent":"Default","Name":"Camera"}
{"Identifier":"com.telelogic.rhapsody.core.RPRelation@83a8506f","MetaClass":"AssociationEnd","UserDefinedMetaClass":"AssociationEnd","OwnerOrParentIdentifier":"com.telelogic.rhapsody.core.RPClass@a331172a","OwnerOrParent":"Camera","Name":"itsDC"}
{"Identifier":"com.telelogic.rhapsody.core.RPClass@1015a1d0","MetaClass":"Class","UserDefinedMetaClass":"Block","OwnerOrParentIdentifier":"com.telelogic.rhapsody.core.RPPackage@698e0970","OwnerOrParent":"Default","Name":"Truck_Sensors"}
{"Identifier":"com.telelogic.rhapsody.core.RPClass@1a8e212d","MetaClass":"Class","UserDefinedMetaClass":"Block","OwnerOrParentIdentifier":"com.telelogic.rhapsody.core.RPPackage@698e0970","OwnerOrParent":"Default","Name":"Motor"}
{"Identifier":"com.telelogic.rhapsody.core.RPClass@d7be5556","MetaClass":"Class","UserDefinedMetaClass":"Block","OwnerOrParentIdentifier":"com.telelogic.rhapsody.core.RPPackage@698e0970","OwnerOrParent":"Default","Name":"Battery"}
{"Identifier":"com.telelogic.rhapsody.core.RPClass@6933f3ae","MetaClass":"Class","UserDefinedMetaClass":"Block","OwnerOrParentIdentifier":"com.telelogic.rhapsody.core.RPPackage@698e0970","OwnerOrParent":"Default","Name":"ParkingBay"}
{"Identifier":"com.telelogic.rhapsody.core.RPRelation@8cd11bde","MetaClass":"AssociationEnd","UserDefinedMetaClass":"AssociationEnd","OwnerOrParentIdentifier":"com.telelogic.rhapsody.core.RPClass@6933f3ae","OwnerOrParent":"ParkingBay","Name":"itsDC"}
{"Identifier":"com.telelogic.rhapsody.core.RPEvent@a37b4410","MetaClass":"Event","UserDefinedMetaClass":"Event","OwnerOrParentIdentifier":"com.telelogic.rhapsody.core.RPPackage@698e0970","OwnerOrParent":"Default","Name":"ignition"}
{"Identifier":"com.telelogic.rhapsody.core.RPUseCase@88bf5808","MetaClass":"UseCase","UserDefinedMetaClass":"UseCase","OwnerOrParentIdentifier":"com.telelogic.rhapsody.core.RPPackage@698e0970","OwnerOrParent":"Default","Name":"Enable Aunomous Mode"}
{"Identifier":"com.telelogic.rhapsody.core.RPRelation@dcf3ef3e","MetaClass":"AssociationEnd","UserDefinedMetaClass":"AssociationEnd","OwnerOrParentIdentifier":"com.telelogic.rhapsody.core.RPUseCase@88bf5808","OwnerOrParent":"Enable Aunomous Mode","Name":"itsDriver"}
{"Identifier":"com.telelogic.rhapsody.core.RPRelation@d642848e","MetaClass":"AssociationEnd","UserDefinedMetaClass":"AssociationEnd","OwnerOrParentIdentifier":"com.telelogic.rhapsody.core.RPUseCase@88bf5808","OwnerOrParent":"Enable Aunomous Mode","Name":"itsTruck_Actor"}
{"Identifier":"com.telelogic.rhapsody.core.RPRelation@8ad17121","MetaClass":"AssociationEnd","UserDefinedMetaClass":"AssociationEnd","OwnerOrParentIdentifier":"com.telelogic.rhapsody.core.RPUseCase@88bf5808","OwnerOrParent":"Enable Aunomous Mode","Name":"itsTruck_Actor_1"}
{"Identifier":"com.telelogic.rhapsody.core.RPUseCase@4a71a9fc","MetaClass":"UseCase","UserDefinedMetaClass":"UseCase","OwnerOrParentIdentifier":"com.telelogic.rhapsody.core.RPPackage@698e0970","OwnerOrParent":"Default","Name":"Turn Power Off"}
{"Identifier":"com.telelogic.rhapsody.core.RPRelation@e2b9a67b","MetaClass":"AssociationEnd","UserDefinedMetaClass":"AssociationEnd","OwnerOrParentIdentifier":"com.telelogic.rhapsody.core.RPUseCase@4a71a9fc","OwnerOrParent":"Turn Power Off","Name":"itsTruck_Actor"}
{"Identifier":"com.telelogic.rhapsody.core.RPUseCase@7ff2c007","MetaClass":"UseCase","UserDefinedMetaClass":"UseCase","OwnerOrParentIdentifier":"com.telelogic.rhapsody.core.RPPackage@698e0970","OwnerOrParent":"Default","Name":"Disable Autonomous Mode"}
{"Identifier":"com.telelogic.rhapsody.core.RPRelation@e9183f50","MetaClass":"AssociationEnd","UserDefinedMetaClass":"AssociationEnd","OwnerOrParentIdentifier":"com.telelogic.rhapsody.core.RPUseCase@7ff2c007","OwnerOrParent":"Disable Autonomous Mode","Name":"itsTruck_Actor"}
{"Identifier":"com.telelogic.rhapsody.core.RPRelation@c7a8dc4","MetaClass":"AssociationEnd","UserDefinedMetaClass":"AssociationEnd","OwnerOrParentIdentifier":"com.telelogic.rhapsody.core.RPUseCase@7ff2c007","OwnerOrParent":"Disable Autonomous Mode","Name":"itsTruck_Actor_1"}
{"Identifier":"com.telelogic.rhapsody.core.RPRelation@dd7931a5","MetaClass":"AssociationEnd","UserDefinedMetaClass":"AssociationEnd","OwnerOrParentIdentifier":"com.telelogic.rhapsody.core.RPUseCase@7ff2c007","OwnerOrParent":"Disable Autonomous Mode","Name":"itsTruck_Actor_2"}
{"Identifier":"com.telelogic.rhapsody.core.RPUseCase@2afee9fa","MetaClass":"UseCase","UserDefinedMetaClass":"UseCase","OwnerOrParentIdentifier":"com.telelogic.rhapsody.core.RPPackage@698e0970","OwnerOrParent":"Default","Name":"Parking"}
{"Identifier":"com.telelogic.rhapsody.core.RPRelation@7bdeceb","MetaClass":"AssociationEnd","UserDefinedMetaClass":"AssociationEnd","OwnerOrParentIdentifier":"com.telelogic.rhapsody.core.RPUseCase@2afee9fa","OwnerOrParent":"Parking","Name":"itsDC_Actor"}
{"Identifier":"com.telelogic.rhapsody.core.RPDependency@ad69aa63","MetaClass":"Dependency","UserDefinedMetaClass":"Dependency","OwnerOrParentIdentifier":"com.telelogic.rhapsody.core.RPUseCase@2afee9fa","OwnerOrParent":"Parking","Name":"Driving"}
{"Identifier":"com.telelogic.rhapsody.core.RPUseCase@9e50c213","MetaClass":"UseCase","UserDefinedMetaClass":"UseCase","OwnerOrParentIdentifier":"com.telelogic.rhapsody.core.RPPackage@698e0970","OwnerOrParent":"Default","Name":"Path Generating"}
{"Identifier":"com.telelogic.rhapsody.core.RPDependency@8f49fc20","MetaClass":"Dependency","UserDefinedMetaClass":"Dependency","OwnerOrParentIdentifier":"com.telelogic.rhapsody.core.RPUseCase@9e50c213","OwnerOrParent":"Path Generating","Name":"Detect Obstades"}
{"Identifier":"com.telelogic.rhapsody.core.RPUseCase@3b059979","MetaClass":"UseCase","UserDefinedMetaClass":"UseCase","OwnerOrParentIdentifier":"com.telelogic.rhapsody.core.RPPackage@698e0970","OwnerOrParent":"Default","Name":"Avoid Obstades"}
{"Identifier":"com.telelogic.rhapsody.core.RPRelation@7534bb01","MetaClass":"AssociationEnd","UserDefinedMetaClass":"AssociationEnd","OwnerOrParentIdentifier":"com.telelogic.rhapsody.core.RPUseCase@3b059979","OwnerOrParent":"Avoid Obstades","Name":"itsTruck_Actor"}
{"Identifier":"com.telelogic.rhapsody.core.RPDependency@abe6be92","MetaClass":"Dependency","UserDefinedMetaClass":"Dependency","OwnerOrParentIdentifier":"com.telelogic.rhapsody.core.RPUseCase@3b059979","OwnerOrParent":"Avoid Obstades","Name":"Detect Obstades"}
{"Identifier":"com.telelogic.rhapsody.core.RPUseCase@a0fdaf04","MetaClass":"UseCase","UserDefinedMetaClass":"UseCase","OwnerOrParentIdentifier":"com.telelogic.rhapsody.core.RPPackage@698e0970","OwnerOrParent":"Default","Name":"Driving"}
{"Identifier":"com.telelogic.rhapsody.core.RPRelation@1bfcf160","MetaClass":"AssociationEnd","UserDefinedMetaClass":"AssociationEnd","OwnerOrParentIdentifier":"com.telelogic.rhapsody.core.RPUseCase@a0fdaf04","OwnerOrParent":"Driving","Name":"itsDC_Actor"}
{"Identifier":"com.telelogic.rhapsody.core.RPDependency@e633de28","MetaClass":"Dependency","UserDefinedMetaClass":"Dependency","OwnerOrParentIdentifier":"com.telelogic.rhapsody.core.RPUseCase@a0fdaf04","OwnerOrParent":"Driving","Name":"Path Generating"}
{"Identifier":"com.telelogic.rhapsody.core.RPDependency@d602766","MetaClass":"Dependency","UserDefinedMetaClass":"Dependency","OwnerOrParentIdentifier":"com.telelogic.rhapsody.core.RPUseCase@a0fdaf04","OwnerOrParent":"Driving","Name":"Receiving Truck Position"}
{"Identifier":"com.telelogic.rhapsody.core.RPUseCase@a8b2b8b2","MetaClass":"UseCase","UserDefinedMetaClass":"UseCase","OwnerOrParentIdentifier":"com.telelogic.rhapsody.core.RPPackage@698e0970","OwnerOrParent":"Default","Name":"Detect Obstades"}
{"Identifier":"com.telelogic.rhapsody.core.RPRelation@f3a34c29","MetaClass":"AssociationEnd","UserDefinedMetaClass":"AssociationEnd","OwnerOrParentIdentifier":"com.telelogic.rhapsody.core.RPUseCase@a8b2b8b2","OwnerOrParent":"Detect Obstades","Name":"itsEnvironment_Actor"}
{"Identifier":"com.telelogic.rhapsody.core.RPRelation@ef92d207","MetaClass":"AssociationEnd","UserDefinedMetaClass":"AssociationEnd","OwnerOrParentIdentifier":"com.telelogic.rhapsody.core.RPUseCase@a8b2b8b2","OwnerOrParent":"Detect Obstades","Name":"itsCamera_Actor"}
{"Identifier":"com.telelogic.rhapsody.core.RPRelation@49ca3fc1","MetaClass":"AssociationEnd","UserDefinedMetaClass":"AssociationEnd","OwnerOrParentIdentifier":"com.telelogic.rhapsody.core.RPUseCase@a8b2b8b2","OwnerOrParent":"Detect Obstades","Name":"itsCamera_Actor_1"}
{"Identifier":"com.telelogic.rhapsody.core.RPDependency@7d48c504","MetaClass":"Dependency","UserDefinedMetaClass":"Dependency","OwnerOrParentIdentifier":"com.telelogic.rhapsody.core.RPUseCase@a8b2b8b2","OwnerOrParent":"Detect Obstades","Name":"Receiving Obstacle Coordination"}
{"Identifier":"com.telelogic.rhapsody.core.RPUseCase@77b6c933","MetaClass":"UseCase","UserDefinedMetaClass":"UseCase","OwnerOrParentIdentifier":"com.telelogic.rhapsody.core.RPPackage@698e0970","OwnerOrParent":"Default","Name":"Docking"}
{"Identifier":"com.telelogic.rhapsody.core.RPRelation@90d09bc9","MetaClass":"AssociationEnd","UserDefinedMetaClass":"AssociationEnd","OwnerOrParentIdentifier":"com.telelogic.rhapsody.core.RPUseCase@77b6c933","OwnerOrParent":"Docking","Name":"itsDC_Actor"}
{"Identifier":"com.telelogic.rhapsody.core.RPDependency@9ee223ed","MetaClass":"Dependency","UserDefinedMetaClass":"Dependency","OwnerOrParentIdentifier":"com.telelogic.rhapsody.core.RPUseCase@77b6c933","OwnerOrParent":"Docking","Name":"Driving"}
{"Identifier":"com.telelogic.rhapsody.core.RPUseCase@f07e5291","MetaClass":"UseCase","UserDefinedMetaClass":"UseCase","OwnerOrParentIdentifier":"com.telelogic.rhapsody.core.RPPackage@698e0970","OwnerOrParent":"Default","Name":"Receiving Truck Position"}
{"Identifier":"com.telelogic.rhapsody.core.RPUseCase@35272446","MetaClass":"UseCase","UserDefinedMetaClass":"UseCase","OwnerOrParentIdentifier":"com.telelogic.rhapsody.core.RPPackage@698e0970","OwnerOrParent":"Default","Name":"Receiving Obstacle Coordination"}
{"Identifier":"com.telelogic.rhapsody.core.RPUseCase@a7a70fb9","MetaClass":"UseCase","UserDefinedMetaClass":"UseCase","OwnerOrParentIdentifier":"com.telelogic.rhapsody.core.RPPackage@698e0970","OwnerOrParent":"Default","Name":"Emergency Stopping"}
{"Identifier":"com.telelogic.rhapsody.core.RPUseCase@839dc00","MetaClass":"UseCase","UserDefinedMetaClass":"UseCase","OwnerOrParentIdentifier":"com.telelogic.rhapsody.core.RPPackage@698e0970","OwnerOrParent":"Default","Name":"Notify Battery Status"}
{"Identifier":"com.telelogic.rhapsody.core.RPDependency@df12774c","MetaClass":"Dependency","UserDefinedMetaClass":"Dependency","OwnerOrParentIdentifier":"com.telelogic.rhapsody.core.RPUseCase@839dc00","OwnerOrParent":"Notify Battery Status","Name":"Docking"}
{"Identifier":"com.telelogic.rhapsody.core.RPActor@37e8b0bd","MetaClass":"Actor","UserDefinedMetaClass":"Actor","OwnerOrParentIdentifier":"com.telelogic.rhapsody.core.RPPackage@698e0970","OwnerOrParent":"Default","Name":"Driver"}
{"Identifier":"com.telelogic.rhapsody.core.RPRelation@3ee3aa83","MetaClass":"AssociationEnd","UserDefinedMetaClass":"AssociationEnd","OwnerOrParentIdentifier":"com.telelogic.rhapsody.core.RPActor@37e8b0bd","OwnerOrParent":"Driver","Name":"itsEnable Aunomous Mode"}
{"Identifier":"com.telelogic.rhapsody.core.RPActor@d233e283","MetaClass":"Actor","UserDefinedMetaClass":"Actor","OwnerOrParentIdentifier":"com.telelogic.rhapsody.core.RPPackage@698e0970","OwnerOrParent":"Default","Name":"DC_Actor"}
{"Identifier":"com.telelogic.rhapsody.core.RPRelation@cf5e3b8d","MetaClass":"AssociationEnd","UserDefinedMetaClass":"AssociationEnd","OwnerOrParentIdentifier":"com.telelogic.rhapsody.core.RPActor@d233e283","OwnerOrParent":"DC_Actor","Name":"itsParking"}
{"Identifier":"com.telelogic.rhapsody.core.RPRelation@d4e3f7b7","MetaClass":"AssociationEnd","UserDefinedMetaClass":"AssociationEnd","OwnerOrParentIdentifier":"com.telelogic.rhapsody.core.RPActor@d233e283","OwnerOrParent":"DC_Actor","Name":"itsDriving"}
{"Identifier":"com.telelogic.rhapsody.core.RPRelation@2071bea6","MetaClass":"AssociationEnd","UserDefinedMetaClass":"AssociationEnd","OwnerOrParentIdentifier":"com.telelogic.rhapsody.core.RPActor@d233e283","OwnerOrParent":"DC_Actor","Name":"itsDocking"}
{"Identifier":"com.telelogic.rhapsody.core.RPActor@679f4bc5","MetaClass":"Actor","UserDefinedMetaClass":"Actor","OwnerOrParentIdentifier":"com.telelogic.rhapsody.core.RPPackage@698e0970","OwnerOrParent":"Default","Name":"Truck_Actor"}
{"Identifier":"com.telelogic.rhapsody.core.RPRelation@2393b92c","MetaClass":"AssociationEnd","UserDefinedMetaClass":"AssociationEnd","OwnerOrParentIdentifier":"com.telelogic.rhapsody.core.RPActor@679f4bc5","OwnerOrParent":"Truck_Actor","Name":"itsDisable Autonomous Mode"}
{"Identifier":"com.telelogic.rhapsody.core.RPRelation@7e0cf51","MetaClass":"AssociationEnd","UserDefinedMetaClass":"AssociationEnd","OwnerOrParentIdentifier":"com.telelogic.rhapsody.core.RPActor@679f4bc5","OwnerOrParent":"Truck_Actor","Name":"itsDisable Autonomous Mode_1"}
{"Identifier":"com.telelogic.rhapsody.core.RPRelation@b6fd8188","MetaClass":"AssociationEnd","UserDefinedMetaClass":"AssociationEnd","OwnerOrParentIdentifier":"com.telelogic.rhapsody.core.RPActor@679f4bc5","OwnerOrParent":"Truck_Actor","Name":"itsDisable Autonomous Mode_2"}
{"Identifier":"com.telelogic.rhapsody.core.RPRelation@298925ef","MetaClass":"AssociationEnd","UserDefinedMetaClass":"AssociationEnd","OwnerOrParentIdentifier":"com.telelogic.rhapsody.core.RPActor@679f4bc5","OwnerOrParent":"Truck_Actor","Name":"itsTurn Power Off"}
{"Identifier":"com.telelogic.rhapsody.core.RPRelation@b3232e14","MetaClass":"AssociationEnd","UserDefinedMetaClass":"AssociationEnd","OwnerOrParentIdentifier":"com.telelogic.rhapsody.core.RPActor@679f4bc5","OwnerOrParent":"Truck_Actor","Name":"itsAvoid Obstades"}
{"Identifier":"com.telelogic.rhapsody.core.RPRelation@fa76b94d","MetaClass":"AssociationEnd","UserDefinedMetaClass":"AssociationEnd","OwnerOrParentIdentifier":"com.telelogic.rhapsody.core.RPActor@679f4bc5","OwnerOrParent":"Truck_Actor","Name":"itsEnable Aunomous Mode"}
{"Identifier":"com.telelogic.rhapsody.core.RPRelation@c4b4a52b","MetaClass":"AssociationEnd","UserDefinedMetaClass":"AssociationEnd","OwnerOrParentIdentifier":"com.telelogic.rhapsody.core.RPActor@679f4bc5","OwnerOrParent":"Truck_Actor","Name":"itsEnable Aunomous Mode_1"}
{"Identifier":"com.telelogic.rhapsody.core.RPActor@32341971","MetaClass":"Actor","UserDefinedMetaClass":"Actor","OwnerOrParentIdentifier":"com.telelogic.rhapsody.core.RPPackage@698e0970","OwnerOrParent":"Default","Name":"Environment_Actor"}
{"Identifier":"com.telelogic.rhapsody.core.RPRelation@a6f6b270","MetaClass":"AssociationEnd","UserDefinedMetaClass":"AssociationEnd","OwnerOrParentIdentifier":"com.telelogic.rhapsody.core.RPActor@32341971","OwnerOrParent":"Environment_Actor","Name":"itsDetect Obstades"}
{"Identifier":"com.telelogic.rhapsody.core.RPActor@23cec748","MetaClass":"Actor","UserDefinedMetaClass":"Actor","OwnerOrParentIdentifier":"com.telelogic.rhapsody.core.RPPackage@698e0970","OwnerOrParent":"Default","Name":"Camera_Actor"}
{"Identifier":"com.telelogic.rhapsody.core.RPRelation@f0ca62a4","MetaClass":"AssociationEnd","UserDefinedMetaClass":"AssociationEnd","OwnerOrParentIdentifier":"com.telelogic.rhapsody.core.RPActor@23cec748","OwnerOrParent":"Camera_Actor","Name":"itsDetect Obstades"}
{"Identifier":"com.telelogic.rhapsody.core.RPRelation@80a65d9d","MetaClass":"AssociationEnd","UserDefinedMetaClass":"AssociationEnd","OwnerOrParentIdentifier":"com.telelogic.rhapsody.core.RPActor@23cec748","OwnerOrParent":"Camera_Actor","Name":"itsDetect Obstades_1"}
{"Identifier":"com.telelogic.rhapsody.core.RPUseCaseDiagram@31c1f5d7","MetaClass":"UseCaseDiagram","UserDefinedMetaClass":"UseCaseDiagram","OwnerOrParentIdentifier":"com.telelogic.rhapsody.core.RPPackage@698e0970","OwnerOrParent":"Default","Name":"ADTS"}
