{"Identifier":"com.telelogic.rhapsody.core.RPPackage@febf881b","MetaClass":"Package","UserDefinedMetaClass":"Package","OwnerOrParentIdentifier":"com.telelogic.rhapsody.core.RPProject@a8ddb2d5","OwnerOrParent":"JuanSampleModel","Name":"REQUIREMENTS"}
{"Identifier":"com.telelogic.rhapsody.core.RPObjectModelDiagram@7118d118","MetaClass":"ObjectModelDiagram","UserDefinedMetaClass":"Requirements Diagram","OwnerOrParentIdentifier":"com.telelogic.rhapsody.core.RPPackage@febf881b","OwnerOrParent":"REQUIREMENTS","Name":"ADTSRequirements"}
{"Identifier":"com.telelogic.rhapsody.core.RPRequirement@e8735398","MetaClass":"Requirement","UserDefinedMetaClass":"Requirement","OwnerOrParentIdentifier":"com.telelogic.rhapsody.core.RPPackage@febf881b","OwnerOrParent":"REQUIREMENTS","Name":"ADTSRequirements"}
{"Identifier":"com.telelogic.rhapsody.core.RPDependency@b9819c9d","MetaClass":"Dependency","UserDefinedMetaClass":"Derive Requirement","OwnerOrParentIdentifier":"com.telelogic.rhapsody.core.RPRequirement@e8735398","OwnerOrParent":"ADTSRequirements","Name":"CommunicationRegPkg"}
{"Identifier":"com.telelogic.rhapsody.core.RPDependency@eb1cfefb","MetaClass":"Dependency","UserDefinedMetaClass":"Derive Requirement","OwnerOrParentIdentifier":"com.telelogic.rhapsody.core.RPRequirement@e8735398","OwnerOrParent":"ADTSRequirements","Name":"GeneralReqPkg"}
{"Identifier":"com.telelogic.rhapsody.core.RPDependency@675927","MetaClass":"Dependency","UserDefinedMetaClass":"Derive Requirement","OwnerOrParentIdentifier":"com.telelogic.rhapsody.core.RPRequirement@e8735398","OwnerOrParent":"ADTSRequirements","Name":"PathGen&Control"}
{"Identifier":"com.telelogic.rhapsody.core.RPRequirement@b1f7ebd0","MetaClass":"Requirement","UserDefinedMetaClass":"Requirement","OwnerOrParentIdentifier":"com.telelogic.rhapsody.core.RPPackage@febf881b","OwnerOrParent":"REQUIREMENTS","Name":"CommunicationRegPkg"}
{"Identifier":"com.telelogic.rhapsody.core.RPDependency@c4ccb41c","MetaClass":"Dependency","UserDefinedMetaClass":"Allocation","OwnerOrParentIdentifier":"com.telelogic.rhapsody.core.RPRequirement@b1f7ebd0","OwnerOrParent":"CommunicationRegPkg","Name":"GeneralReqPkg"}
{"Identifier":"com.telelogic.rhapsody.core.RPRequirement@66c1b88d","MetaClass":"Requirement","UserDefinedMetaClass":"Requirement","OwnerOrParentIdentifier":"com.telelogic.rhapsody.core.RPPackage@febf881b","OwnerOrParent":"REQUIREMENTS","Name":"GeneralReqPkg"}
{"Identifier":"com.telelogic.rhapsody.core.RPDependency@abf03944","MetaClass":"Dependency","UserDefinedMetaClass":"Verification","OwnerOrParentIdentifier":"com.telelogic.rhapsody.core.RPRequirement@66c1b88d","OwnerOrParent":"GeneralReqPkg","Name":"PathGen&Control"}
{"Identifier":"com.telelogic.rhapsody.core.RPRequirement@61dfe6d7","MetaClass":"Requirement","UserDefinedMetaClass":"Requirement","OwnerOrParentIdentifier":"com.telelogic.rhapsody.core.RPPackage@febf881b","OwnerOrParent":"REQUIREMENTS","Name":"PathGen&Control"}
