{"id":"com.telelogic.rhapsody.core.RPObjectModelDiagram@3a37e441","type":"node","properties":{"ownerType":"Package","ownerName":"LoadingCargo","name":"LoadingCargo","description":"","genericType":"ObjectModelDiagram","type":"Block Definition Diagram","ownerIdentifier":"com.telelogic.rhapsody.core.RPPackage@b23c43c8"},"labels":["BDDDiagram"]}
{"start":{"id":"com.telelogic.rhapsody.core.RPPackage@b23c43c8"},"end":{"id":"com.telelogic.rhapsody.core.RPObjectModelDiagram@3a37e441"},"id":"","label":"CONTAINS_DIAGRAM","type":"relationship","properties":{"type":"Block Definition Diagram"}}
{"id":"com.telelogic.rhapsody.core.RPClass@a63d1a37","type":"node","properties":{"name":"UC_LoadingCargo","genericType":"Class","type":"Block"},"labels":["Block"]}
{"start":{"id":"com.telelogic.rhapsody.core.RPObjectModelDiagram@3a37e441"},"end":{"id":"com.telelogic.rhapsody.core.RPClass@a63d1a37"},"id":"","label":"CONTAINS_BLOCK","type":"relationship","properties":{"type":"Block"}}
{"start":{"id":"com.telelogic.rhapsody.core.RPClass@a63d1a37"},"end":{"id":"com.telelogic.rhapsody.core.RPClass@d564998"},"id":"","label":"HAS_ASSOCIATION_WITH","type":"relationship","properties":{"name":"itsDCLocalizationSystem","type":"Association"}}
{"start":{"id":"com.telelogic.rhapsody.core.RPClass@a63d1a37"},"end":{"id":"com.telelogic.rhapsody.core.RPClass@42d4b33c"},"id":"","label":"HAS_ASSOCIATION_WITH","type":"relationship","properties":{"name":"itsDCT","type":"Association"}}
{"start":{"id":"com.telelogic.rhapsody.core.RPClass@a63d1a37"},"end":{"id":"com.telelogic.rhapsody.core.RPActor@830c5e77"},"id":"","label":"HAS_ASSOCIATION_WITH","type":"relationship","properties":{"name":"itsDCLoadingEmployee","type":"Association"}}
{"id":"com.telelogic.rhapsody.core.RPClass@42d4b33c","type":"node","properties":{"name":"DCT","genericType":"Class","type":"Block"},"labels":["Block"]}
{"start":{"id":"com.telelogic.rhapsody.core.RPObjectModelDiagram@3a37e441"},"end":{"id":"com.telelogic.rhapsody.core.RPClass@42d4b33c"},"id":"","label":"CONTAINS_BLOCK","type":"relationship","properties":{"type":"Block"}}
{"start":{"id":"com.telelogic.rhapsody.core.RPClass@42d4b33c"},"end":{"id":"com.telelogic.rhapsody.core.RPClass@598026e"},"id":"","label":"HAS_ASSOCIATION_WITH","type":"relationship","properties":{"name":"itsTUesla","type":"Association"}}
{"start":{"id":"com.telelogic.rhapsody.core.RPClass@42d4b33c"},"end":{"id":"com.telelogic.rhapsody.core.RPUseCase@d65d9473"},"id":"","label":"HAS_ASSOCIATION_WITH","type":"relationship","properties":{"name":"itsDrive","type":"Association"}}
{"start":{"id":"com.telelogic.rhapsody.core.RPClass@42d4b33c"},"end":{"id":"com.telelogic.rhapsody.core.RPUseCase@8d54f293"},"id":"","label":"HAS_ASSOCIATION_WITH","type":"relationship","properties":{"name":"itsCharging","type":"Association"}}
{"start":{"id":"com.telelogic.rhapsody.core.RPClass@42d4b33c"},"end":{"id":"com.telelogic.rhapsody.core.RPUseCase@e169f2af"},"id":"","label":"HAS_ASSOCIATION_WITH","type":"relationship","properties":{"name":"itsCompare SOC","type":"Association"}}
{"start":{"id":"com.telelogic.rhapsody.core.RPClass@42d4b33c"},"end":{"id":"com.telelogic.rhapsody.core.RPUseCase@f8689554"},"id":"","label":"HAS_ASSOCIATION_WITH","type":"relationship","properties":{"name":"itsHMI","type":"Association"}}
{"start":{"id":"com.telelogic.rhapsody.core.RPClass@42d4b33c"},"end":{"id":"com.telelogic.rhapsody.core.RPUseCase@cd876d90"},"id":"","label":"HAS_ASSOCIATION_WITH","type":"relationship","properties":{"name":"itsManual HMI","type":"Association"}}
{"start":{"id":"com.telelogic.rhapsody.core.RPClass@42d4b33c"},"end":{"id":"com.telelogic.rhapsody.core.RPUseCase@c2e461b0"},"id":"","label":"HAS_ASSOCIATION_WITH","type":"relationship","properties":{"name":"itsLoading Cargo","type":"Association"}}
{"start":{"id":"com.telelogic.rhapsody.core.RPClass@42d4b33c"},"end":{"id":"com.telelogic.rhapsody.core.RPUseCase@c80eb6dd"},"id":"","label":"HAS_ASSOCIATION_WITH","type":"relationship","properties":{"name":"itsManual Override Autonomous Mode","type":"Association"}}
{"start":{"id":"com.telelogic.rhapsody.core.RPClass@42d4b33c"},"end":{"id":"com.telelogic.rhapsody.core.RPUseCase@b88868e1"},"id":"","label":"HAS_ASSOCIATION_WITH","type":"relationship","properties":{"name":"itsCoupling","type":"Association"}}
{"start":{"id":"com.telelogic.rhapsody.core.RPClass@42d4b33c"},"end":{"id":"com.telelogic.rhapsody.core.RPClass@4dfd4ff0"},"id":"","label":"HAS_ASSOCIATION_WITH","type":"relationship","properties":{"name":"itsUC_Charging","type":"Association"}}
{"start":{"id":"com.telelogic.rhapsody.core.RPClass@42d4b33c"},"end":{"id":"com.telelogic.rhapsody.core.RPClass@7a798d42"},"id":"","label":"HAS_ASSOCIATION_WITH","type":"relationship","properties":{"name":"itsUC_CompareSOC","type":"Association"}}
{"start":{"id":"com.telelogic.rhapsody.core.RPClass@42d4b33c"},"end":{"id":"com.telelogic.rhapsody.core.RPClass@efb3794c"},"id":"","label":"HAS_ASSOCIATION_WITH","type":"relationship","properties":{"name":"itsUC_Coupling","type":"Association"}}
{"start":{"id":"com.telelogic.rhapsody.core.RPClass@42d4b33c"},"end":{"id":"com.telelogic.rhapsody.core.RPClass@77b476d8"},"id":"","label":"HAS_ASSOCIATION_WITH","type":"relationship","properties":{"name":"itsUC_HMI","type":"Association"}}
{"start":{"id":"com.telelogic.rhapsody.core.RPClass@42d4b33c"},"end":{"id":"com.telelogic.rhapsody.core.RPClass@3481bdc2"},"id":"","label":"HAS_ASSOCIATION_WITH","type":"relationship","properties":{"name":"itsUC_ManualHMI","type":"Association"}}
{"start":{"id":"com.telelogic.rhapsody.core.RPClass@42d4b33c"},"end":{"id":"com.telelogic.rhapsody.core.RPClass@641b0b87"},"id":"","label":"HAS_ASSOCIATION_WITH","type":"relationship","properties":{"name":"itsUC_Drive","type":"Association"}}
{"start":{"id":"com.telelogic.rhapsody.core.RPClass@42d4b33c"},"end":{"id":"com.telelogic.rhapsody.core.RPClass@9eca6669"},"id":"","label":"HAS_ASSOCIATION_WITH","type":"relationship","properties":{"name":"itsUC_StopCrash","type":"Association"}}
{"start":{"id":"com.telelogic.rhapsody.core.RPClass@42d4b33c"},"end":{"id":"com.telelogic.rhapsody.core.RPClass@4bc78435"},"id":"","label":"HAS_ASSOCIATION_WITH","type":"relationship","properties":{"name":"itsUC_ManualOverride","type":"Association"}}
{"start":{"id":"com.telelogic.rhapsody.core.RPClass@42d4b33c"},"end":{"id":"com.telelogic.rhapsody.core.RPClass@a63d1a37"},"id":"","label":"HAS_ASSOCIATION_WITH","type":"relationship","properties":{"name":"itsUC_LoadingCargo","type":"Association"}}
{"id":"com.telelogic.rhapsody.core.RPClass@d564998","type":"node","properties":{"name":"DCLocalizationSystem","genericType":"Class","type":"Block"},"labels":["Block"]}
{"start":{"id":"com.telelogic.rhapsody.core.RPObjectModelDiagram@3a37e441"},"end":{"id":"com.telelogic.rhapsody.core.RPClass@d564998"},"id":"","label":"CONTAINS_BLOCK","type":"relationship","properties":{"type":"Block"}}
{"start":{"id":"com.telelogic.rhapsody.core.RPClass@d564998"},"end":{"id":"com.telelogic.rhapsody.core.RPClass@598026e"},"id":"","label":"HAS_ASSOCIATION_WITH","type":"relationship","properties":{"name":"itsTUesla","type":"Association"}}
{"start":{"id":"com.telelogic.rhapsody.core.RPClass@d564998"},"end":{"id":"com.telelogic.rhapsody.core.RPUseCase@f7cdc38e"},"id":"","label":"HAS_ASSOCIATION_WITH","type":"relationship","properties":{"name":"itsParking Assign","type":"Association"}}
{"start":{"id":"com.telelogic.rhapsody.core.RPClass@d564998"},"end":{"id":"com.telelogic.rhapsody.core.RPUseCase@373fc615"},"id":"","label":"HAS_ASSOCIATION_WITH","type":"relationship","properties":{"name":"itsPath Planning","type":"Association"}}
{"start":{"id":"com.telelogic.rhapsody.core.RPClass@d564998"},"end":{"id":"com.telelogic.rhapsody.core.RPUseCase@c2e461b0"},"id":"","label":"HAS_ASSOCIATION_WITH","type":"relationship","properties":{"name":"itsLoading Cargo","type":"Association"}}
{"start":{"id":"com.telelogic.rhapsody.core.RPClass@d564998"},"end":{"id":"com.telelogic.rhapsody.core.RPClass@550c1d30"},"id":"","label":"HAS_ASSOCIATION_WITH","type":"relationship","properties":{"name":"itsUC_PathPlanning","type":"Association"}}
{"start":{"id":"com.telelogic.rhapsody.core.RPClass@d564998"},"end":{"id":"com.telelogic.rhapsody.core.RPClass@7bbfc4e"},"id":"","label":"HAS_ASSOCIATION_WITH","type":"relationship","properties":{"name":"itsUC_ObstacleDetection","type":"Association"}}
{"start":{"id":"com.telelogic.rhapsody.core.RPClass@d564998"},"end":{"id":"com.telelogic.rhapsody.core.RPClass@a63d1a37"},"id":"","label":"HAS_ASSOCIATION_WITH","type":"relationship","properties":{"name":"itsUC_LoadingCargo","type":"Association"}}
