{"id":"com.telelogic.rhapsody.core.RPObjectModelDiagram@81aa9d3f","type":"node","properties":{"ownerType":"Package","ownerName":"ParkingAssign","name":"ParkingAssign","description":"","genericType":"ObjectModelDiagram","type":"Block Definition Diagram","ownerIdentifier":"com.telelogic.rhapsody.core.RPPackage@f64ad1af"},"labels":["BDDDiagram"]}
{"start":{"id":"com.telelogic.rhapsody.core.RPPackage@f64ad1af"},"end":{"id":"com.telelogic.rhapsody.core.RPObjectModelDiagram@81aa9d3f"},"id":"","label":"CONTAINS_DIAGRAM","type":"relationship","properties":{"type":"Block Definition Diagram"}}
{"id":"com.telelogic.rhapsody.core.RPClass@4d03b059","type":"node","properties":{"name":"UC_ParkingAssign","genericType":"Class","type":"Block"},"labels":["Block"]}
{"start":{"id":"com.telelogic.rhapsody.core.RPObjectModelDiagram@81aa9d3f"},"end":{"id":"com.telelogic.rhapsody.core.RPClass@4d03b059"},"id":"","label":"CONTAINS_BLOCK","type":"relationship","properties":{"type":"Block"}}
{"start":{"id":"com.telelogic.rhapsody.core.RPClass@4d03b059"},"end":{"id":"com.telelogic.rhapsody.core.RPClass@efb3794c"},"id":"","label":"HAS_ASSOCIATION_WITH","type":"relationship","properties":{"name":"itsUC_Coupling","type":"Association"}}
{"start":{"id":"com.telelogic.rhapsody.core.RPClass@4d03b059"},"end":{"id":"com.telelogic.rhapsody.core.RPClass@550c1d30"},"id":"","label":"HAS_ASSOCIATION_WITH","type":"relationship","properties":{"name":"itsUC_PathPlanning","type":"Association"}}
{"id":"com.telelogic.rhapsody.core.RPClass@d564998","type":"node","properties":{"name":"DCLocalizationSystem","genericType":"Class","type":"Block"},"labels":["Block"]}
{"start":{"id":"com.telelogic.rhapsody.core.RPObjectModelDiagram@81aa9d3f"},"end":{"id":"com.telelogic.rhapsody.core.RPClass@d564998"},"id":"","label":"CONTAINS_BLOCK","type":"relationship","properties":{"type":"Block"}}
{"start":{"id":"com.telelogic.rhapsody.core.RPClass@d564998"},"end":{"id":"com.telelogic.rhapsody.core.RPClass@598026e"},"id":"","label":"HAS_ASSOCIATION_WITH","type":"relationship","properties":{"name":"itsTUesla","type":"Association"}}
{"start":{"id":"com.telelogic.rhapsody.core.RPClass@d564998"},"end":{"id":"com.telelogic.rhapsody.core.RPUseCase@f7cdc38e"},"id":"","label":"HAS_ASSOCIATION_WITH","type":"relationship","properties":{"name":"itsParking Assign","type":"Association"}}
{"start":{"id":"com.telelogic.rhapsody.core.RPClass@d564998"},"end":{"id":"com.telelogic.rhapsody.core.RPUseCase@373fc615"},"id":"","label":"HAS_ASSOCIATION_WITH","type":"relationship","properties":{"name":"itsPath Planning","type":"Association"}}
{"start":{"id":"com.telelogic.rhapsody.core.RPClass@d564998"},"end":{"id":"com.telelogic.rhapsody.core.RPUseCase@c2e461b0"},"id":"","label":"HAS_ASSOCIATION_WITH","type":"relationship","properties":{"name":"itsLoading Cargo","type":"Association"}}
{"start":{"id":"com.telelogic.rhapsody.core.RPClass@d564998"},"end":{"id":"com.telelogic.rhapsody.core.RPClass@550c1d30"},"id":"","label":"HAS_ASSOCIATION_WITH","type":"relationship","properties":{"name":"itsUC_PathPlanning","type":"Association"}}
{"start":{"id":"com.telelogic.rhapsody.core.RPClass@d564998"},"end":{"id":"com.telelogic.rhapsody.core.RPClass@7bbfc4e"},"id":"","label":"HAS_ASSOCIATION_WITH","type":"relationship","properties":{"name":"itsUC_ObstacleDetection","type":"Association"}}
{"start":{"id":"com.telelogic.rhapsody.core.RPClass@d564998"},"end":{"id":"com.telelogic.rhapsody.core.RPClass@a63d1a37"},"id":"","label":"HAS_ASSOCIATION_WITH","type":"relationship","properties":{"name":"itsUC_LoadingCargo","type":"Association"}}
{"id":"com.telelogic.rhapsody.core.RPClass@41db6fcb","type":"node","properties":{"name":"DCBoard","genericType":"Class","type":"Block"},"labels":["Block"]}
{"start":{"id":"com.telelogic.rhapsody.core.RPObjectModelDiagram@81aa9d3f"},"end":{"id":"com.telelogic.rhapsody.core.RPClass@41db6fcb"},"id":"","label":"CONTAINS_BLOCK","type":"relationship","properties":{"type":"Block"}}
{"start":{"id":"com.telelogic.rhapsody.core.RPClass@41db6fcb"},"end":{"id":"com.telelogic.rhapsody.core.RPClass@598026e"},"id":"","label":"HAS_ASSOCIATION_WITH","type":"relationship","properties":{"name":"itsTUesla","type":"Association"}}
{"start":{"id":"com.telelogic.rhapsody.core.RPClass@41db6fcb"},"end":{"id":"com.telelogic.rhapsody.core.RPUseCase@f7cdc38e"},"id":"","label":"HAS_ASSOCIATION_WITH","type":"relationship","properties":{"name":"itsParking Assign","type":"Association"}}
