{"id":"com.telelogic.rhapsody.core.RPObjectModelDiagram@404524f8","type":"node","properties":{"ownerType":"Package","ownerName":"PathPlanning","name":"PathPlanning","description":"","genericType":"ObjectModelDiagram","type":"Block Definition Diagram","ownerIdentifier":"com.telelogic.rhapsody.core.RPPackage@6f8bf8b0"},"labels":["BDDDiagram"]}
{"start":{"id":"com.telelogic.rhapsody.core.RPPackage@6f8bf8b0"},"end":{"id":"com.telelogic.rhapsody.core.RPObjectModelDiagram@404524f8"},"id":"","label":"CONTAINS_DIAGRAM","type":"relationship","properties":{"type":"Block Definition Diagram"}}
{"id":"com.telelogic.rhapsody.core.RPClass@550c1d30","type":"node","properties":{"name":"UC_PathPlanning","genericType":"Class","type":"Block"},"labels":["Block"]}
{"start":{"id":"com.telelogic.rhapsody.core.RPObjectModelDiagram@404524f8"},"end":{"id":"com.telelogic.rhapsody.core.RPClass@550c1d30"},"id":"","label":"CONTAINS_BLOCK","type":"relationship","properties":{"type":"Block"}}
{"start":{"id":"com.telelogic.rhapsody.core.RPClass@550c1d30"},"end":{"id":"com.telelogic.rhapsody.core.RPClass@d564998"},"id":"","label":"HAS_ASSOCIATION_WITH","type":"relationship","properties":{"name":"itsDCLocalizationSystem","type":"Association"}}
{"start":{"id":"com.telelogic.rhapsody.core.RPClass@550c1d30"},"end":{"id":"com.telelogic.rhapsody.core.RPClass@4d03b059"},"id":"","label":"HAS_ASSOCIATION_WITH","type":"relationship","properties":{"name":"itsUC_ParkingAssign","type":"Association"}}
{"start":{"id":"com.telelogic.rhapsody.core.RPClass@550c1d30"},"end":{"id":"com.telelogic.rhapsody.core.RPClass@7bbfc4e"},"id":"","label":"HAS_ASSOCIATION_WITH","type":"relationship","properties":{"name":"itsUC_ObstacleDetection","type":"Association"}}
{"start":{"id":"com.telelogic.rhapsody.core.RPClass@550c1d30"},"end":{"id":"com.telelogic.rhapsody.core.RPClass@641b0b87"},"id":"","label":"HAS_ASSOCIATION_WITH","type":"relationship","properties":{"name":"itsUC_Drive","type":"Association"}}
{"start":{"id":"com.telelogic.rhapsody.core.RPClass@550c1d30"},"end":{"id":"com.telelogic.rhapsody.core.RPClass@9eca6669"},"id":"","label":"HAS_ASSOCIATION_WITH","type":"relationship","properties":{"name":"itsUC_StopCrash","type":"Association"}}
{"id":"com.telelogic.rhapsody.core.RPClass@d564998","type":"node","properties":{"name":"DCLocalizationSystem","genericType":"Class","type":"Block"},"labels":["Block"]}
{"start":{"id":"com.telelogic.rhapsody.core.RPObjectModelDiagram@404524f8"},"end":{"id":"com.telelogic.rhapsody.core.RPClass@d564998"},"id":"","label":"CONTAINS_BLOCK","type":"relationship","properties":{"type":"Block"}}
{"start":{"id":"com.telelogic.rhapsody.core.RPClass@d564998"},"end":{"id":"com.telelogic.rhapsody.core.RPClass@598026e"},"id":"","label":"HAS_ASSOCIATION_WITH","type":"relationship","properties":{"name":"itsTUesla","type":"Association"}}
{"start":{"id":"com.telelogic.rhapsody.core.RPClass@d564998"},"end":{"id":"com.telelogic.rhapsody.core.RPUseCase@f7cdc38e"},"id":"","label":"HAS_ASSOCIATION_WITH","type":"relationship","properties":{"name":"itsParking Assign","type":"Association"}}
{"start":{"id":"com.telelogic.rhapsody.core.RPClass@d564998"},"end":{"id":"com.telelogic.rhapsody.core.RPUseCase@373fc615"},"id":"","label":"HAS_ASSOCIATION_WITH","type":"relationship","properties":{"name":"itsPath Planning","type":"Association"}}
{"start":{"id":"com.telelogic.rhapsody.core.RPClass@d564998"},"end":{"id":"com.telelogic.rhapsody.core.RPUseCase@c2e461b0"},"id":"","label":"HAS_ASSOCIATION_WITH","type":"relationship","properties":{"name":"itsLoading Cargo","type":"Association"}}
{"start":{"id":"com.telelogic.rhapsody.core.RPClass@d564998"},"end":{"id":"com.telelogic.rhapsody.core.RPClass@550c1d30"},"id":"","label":"HAS_ASSOCIATION_WITH","type":"relationship","properties":{"name":"itsUC_PathPlanning","type":"Association"}}
{"start":{"id":"com.telelogic.rhapsody.core.RPClass@d564998"},"end":{"id":"com.telelogic.rhapsody.core.RPClass@7bbfc4e"},"id":"","label":"HAS_ASSOCIATION_WITH","type":"relationship","properties":{"name":"itsUC_ObstacleDetection","type":"Association"}}
{"start":{"id":"com.telelogic.rhapsody.core.RPClass@d564998"},"end":{"id":"com.telelogic.rhapsody.core.RPClass@a63d1a37"},"id":"","label":"HAS_ASSOCIATION_WITH","type":"relationship","properties":{"name":"itsUC_LoadingCargo","type":"Association"}}
