{"start":{"id":""},"end":{"id":""},"id":"","label":"HAS_LINKS_TO","type":"relationship","properties":{"name":"connector_7","type":"Link"}}
{"start":{"id":""},"end":{"id":""},"id":"","label":"HAS_LINKS_TO","type":"relationship","properties":{"name":"connector_9","type":"Link"}}
{"start":{"id":""},"end":{"id":""},"id":"","label":"HAS_LINKS_TO","type":"relationship","properties":{"name":"connector_10","type":"Link"}}
{"start":{"id":""},"end":{"id":""},"id":"","label":"HAS_LINKS_TO","type":"relationship","properties":{"name":"connector_12","type":"Link"}}
{"start":{"id":""},"end":{"id":""},"id":"","label":"HAS_LINKS_TO","type":"relationship","properties":{"name":"connector_13","type":"Link"}}
{"start":{"id":"com.telelogic.rhapsody.core.RPSysMLPort@50296ecc"},"end":{"id":"com.telelogic.rhapsody.core.RPSysMLPort@6d22c9e0"},"id":"","label":"HAS_LINKS_TO","type":"relationship","properties":{"name":"connector_17","type":"Link"}}
{"start":{"id":""},"end":{"id":""},"id":"","label":"HAS_LINKS_TO","type":"relationship","properties":{"name":"connector_18","type":"Link"}}
{"start":{"id":"com.telelogic.rhapsody.core.RPSysMLPort@189e9bbe"},"end":{"id":"com.telelogic.rhapsody.core.RPSysMLPort@29f51f88"},"id":"","label":"HAS_LINKS_TO","type":"relationship","properties":{"name":"connector_19","type":"Link"}}
{"start":{"id":""},"end":{"id":""},"id":"","label":"HAS_LINKS_TO","type":"relationship","properties":{"name":"connector_21","type":"Link"}}
{"start":{"id":"com.telelogic.rhapsody.core.RPSysMLPort@83a465a5"},"end":{"id":"com.telelogic.rhapsody.core.RPSysMLPort@fb867e04"},"id":"","label":"HAS_LINKS_TO","type":"relationship","properties":{"name":"connector_22","type":"Link"}}
{"start":{"id":"com.telelogic.rhapsody.core.RPSysMLPort@c4ef5b7b"},"end":{"id":"com.telelogic.rhapsody.core.RPSysMLPort@a800c386"},"id":"","label":"HAS_LINKS_TO","type":"relationship","properties":{"name":"connector_23","type":"Link"}}
{"start":{"id":"com.telelogic.rhapsody.core.RPSysMLPort@b0c2c12"},"end":{"id":"com.telelogic.rhapsody.core.RPSysMLPort@59a1a035"},"id":"","label":"HAS_LINKS_TO","type":"relationship","properties":{"name":"connector_24","type":"Link"}}
{"start":{"id":"com.telelogic.rhapsody.core.RPSysMLPort@c809685b"},"end":{"id":"com.telelogic.rhapsody.core.RPSysMLPort@31e83c89"},"id":"","label":"HAS_LINKS_TO","type":"relationship","properties":{"name":"connector_25","type":"Link"}}
{"start":{"id":"com.telelogic.rhapsody.core.RPSysMLPort@29552c1e"},"end":{"id":"com.telelogic.rhapsody.core.RPSysMLPort@9c61ad32"},"id":"","label":"HAS_LINKS_TO","type":"relationship","properties":{"name":"connector_26","type":"Link"}}
{"start":{"id":"com.telelogic.rhapsody.core.RPSysMLPort@15c069e5"},"end":{"id":"com.telelogic.rhapsody.core.RPSysMLPort@1a464797"},"id":"","label":"HAS_LINKS_TO","type":"relationship","properties":{"name":"connector_27","type":"Link"}}
{"start":{"id":"com.telelogic.rhapsody.core.RPSysMLPort@38e975cf"},"end":{"id":"com.telelogic.rhapsody.core.RPSysMLPort@3086e5a0"},"id":"","label":"HAS_LINKS_TO","type":"relationship","properties":{"name":"connector_28","type":"Link"}}
{"start":{"id":"com.telelogic.rhapsody.core.RPSysMLPort@a2a37f92"},"end":{"id":"com.telelogic.rhapsody.core.RPSysMLPort@c4478a01"},"id":"","label":"HAS_LINKS_TO","type":"relationship","properties":{"name":"itsUC_ManualHMI_itsUC_HMI","type":"Link"}}
{"start":{"id":""},"end":{"id":""},"id":"","label":"HAS_LINKS_TO","type":"relationship","properties":{"name":"connector_30","type":"Link"}}
