{"id":"com.telelogic.rhapsody.core.RPProject@d20145cd","type":"node","properties":{"name":"Project","description":"","genericType":"Project","type":"SysML"},"labels":["Project"]}
{"id":"com.telelogic.rhapsody.core.RPPackage@bc76a5f7","type":"node","properties":{"ownerType":"Project","ownerName":"Project","name":"TUesla","description":"","genericType":"Package","type":"Package","ownerIdentifier":"com.telelogic.rhapsody.core.RPProject@d20145cd"},"labels":["Package"]}
{"start":{"id":"com.telelogic.rhapsody.core.RPProject@d20145cd"},"end":{"id":"com.telelogic.rhapsody.core.RPPackage@bc76a5f7"},"id":"","label":"CONTAINS","type":"relationship","properties":{"type":"package"}}
{"id":"com.telelogic.rhapsody.core.RPPackage@4cca3569","type":"node","properties":{"ownerType":"Package","ownerName":"TUesla","name":"UseCaseModelling","description":"","genericType":"Package","type":"Package","ownerIdentifier":"com.telelogic.rhapsody.core.RPPackage@bc76a5f7"},"labels":["Package"]}
{"start":{"id":"com.telelogic.rhapsody.core.RPPackage@bc76a5f7"},"end":{"id":"com.telelogic.rhapsody.core.RPPackage@4cca3569"},"id":"","label":"CONTAINS","type":"relationship","properties":{"type":"package"}}
{"id":"com.telelogic.rhapsody.core.RPPackage@b23c43c8","type":"node","properties":{"ownerType":"Package","ownerName":"UseCaseModelling","name":"LoadingCargo","description":"","genericType":"Package","type":"Package","ownerIdentifier":"com.telelogic.rhapsody.core.RPPackage@4cca3569"},"labels":["Package"]}
{"start":{"id":"com.telelogic.rhapsody.core.RPPackage@4cca3569"},"end":{"id":"com.telelogic.rhapsody.core.RPPackage@b23c43c8"},"id":"","label":"CONTAINS","type":"relationship","properties":{"type":"package"}}
{"id":"com.telelogic.rhapsody.core.RPPackage@523c9f78","type":"node","properties":{"ownerType":"Package","ownerName":"UseCaseModelling","name":"ManualOverride","description":"","genericType":"Package","type":"Package","ownerIdentifier":"com.telelogic.rhapsody.core.RPPackage@4cca3569"},"labels":["Package"]}
{"start":{"id":"com.telelogic.rhapsody.core.RPPackage@4cca3569"},"end":{"id":"com.telelogic.rhapsody.core.RPPackage@523c9f78"},"id":"","label":"CONTAINS","type":"relationship","properties":{"type":"package"}}
{"id":"com.telelogic.rhapsody.core.RPPackage@f64ad1af","type":"node","properties":{"ownerType":"Package","ownerName":"UseCaseModelling","name":"ParkingAssign","description":"","genericType":"Package","type":"Package","ownerIdentifier":"com.telelogic.rhapsody.core.RPPackage@4cca3569"},"labels":["Package"]}
{"start":{"id":"com.telelogic.rhapsody.core.RPPackage@4cca3569"},"end":{"id":"com.telelogic.rhapsody.core.RPPackage@f64ad1af"},"id":"","label":"CONTAINS","type":"relationship","properties":{"type":"package"}}
{"id":"com.telelogic.rhapsody.core.RPPackage@5cacb0d9","type":"node","properties":{"ownerType":"Package","ownerName":"UseCaseModelling","name":"Charging","description":"","genericType":"Package","type":"Package","ownerIdentifier":"com.telelogic.rhapsody.core.RPPackage@4cca3569"},"labels":["Package"]}
{"start":{"id":"com.telelogic.rhapsody.core.RPPackage@4cca3569"},"end":{"id":"com.telelogic.rhapsody.core.RPPackage@5cacb0d9"},"id":"","label":"CONTAINS","type":"relationship","properties":{"type":"package"}}
{"id":"com.telelogic.rhapsody.core.RPPackage@e39b8269","type":"node","properties":{"ownerType":"Package","ownerName":"UseCaseModelling","name":"CompareSOC","description":"","genericType":"Package","type":"Package","ownerIdentifier":"com.telelogic.rhapsody.core.RPPackage@4cca3569"},"labels":["Package"]}
{"start":{"id":"com.telelogic.rhapsody.core.RPPackage@4cca3569"},"end":{"id":"com.telelogic.rhapsody.core.RPPackage@e39b8269"},"id":"","label":"CONTAINS","type":"relationship","properties":{"type":"package"}}
{"id":"com.telelogic.rhapsody.core.RPPackage@d4c90cea","type":"node","properties":{"ownerType":"Package","ownerName":"UseCaseModelling","name":"Coupling","description":"","genericType":"Package","type":"Package","ownerIdentifier":"com.telelogic.rhapsody.core.RPPackage@4cca3569"},"labels":["Package"]}
{"start":{"id":"com.telelogic.rhapsody.core.RPPackage@4cca3569"},"end":{"id":"com.telelogic.rhapsody.core.RPPackage@d4c90cea"},"id":"","label":"CONTAINS","type":"relationship","properties":{"type":"package"}}
{"id":"com.telelogic.rhapsody.core.RPPackage@cc4862dc","type":"node","properties":{"ownerType":"Package","ownerName":"UseCaseModelling","name":"Drive","description":"","genericType":"Package","type":"Package","ownerIdentifier":"com.telelogic.rhapsody.core.RPPackage@4cca3569"},"labels":["Package"]}
{"start":{"id":"com.telelogic.rhapsody.core.RPPackage@4cca3569"},"end":{"id":"com.telelogic.rhapsody.core.RPPackage@cc4862dc"},"id":"","label":"CONTAINS","type":"relationship","properties":{"type":"package"}}
{"id":"com.telelogic.rhapsody.core.RPPackage@11a4e50a","type":"node","properties":{"ownerType":"Package","ownerName":"UseCaseModelling","name":"ManualHMI","description":"","genericType":"Package","type":"Package","ownerIdentifier":"com.telelogic.rhapsody.core.RPPackage@4cca3569"},"labels":["Package"]}
{"start":{"id":"com.telelogic.rhapsody.core.RPPackage@4cca3569"},"end":{"id":"com.telelogic.rhapsody.core.RPPackage@11a4e50a"},"id":"","label":"CONTAINS","type":"relationship","properties":{"type":"package"}}
{"id":"com.telelogic.rhapsody.core.RPPackage@6a7f4791","type":"node","properties":{"ownerType":"Package","ownerName":"UseCaseModelling","name":"HMI","description":"","genericType":"Package","type":"Package","ownerIdentifier":"com.telelogic.rhapsody.core.RPPackage@4cca3569"},"labels":["Package"]}
{"start":{"id":"com.telelogic.rhapsody.core.RPPackage@4cca3569"},"end":{"id":"com.telelogic.rhapsody.core.RPPackage@6a7f4791"},"id":"","label":"CONTAINS","type":"relationship","properties":{"type":"package"}}
{"id":"com.telelogic.rhapsody.core.RPPackage@55a68961","type":"node","properties":{"ownerType":"Package","ownerName":"UseCaseModelling","name":"ObstacleDetection","description":"","genericType":"Package","type":"Package","ownerIdentifier":"com.telelogic.rhapsody.core.RPPackage@4cca3569"},"labels":["Package"]}
{"start":{"id":"com.telelogic.rhapsody.core.RPPackage@4cca3569"},"end":{"id":"com.telelogic.rhapsody.core.RPPackage@55a68961"},"id":"","label":"CONTAINS","type":"relationship","properties":{"type":"package"}}
{"id":"com.telelogic.rhapsody.core.RPPackage@6f8bf8b0","type":"node","properties":{"ownerType":"Package","ownerName":"UseCaseModelling","name":"PathPlanning","description":"","genericType":"Package","type":"Package","ownerIdentifier":"com.telelogic.rhapsody.core.RPPackage@4cca3569"},"labels":["Package"]}
{"start":{"id":"com.telelogic.rhapsody.core.RPPackage@4cca3569"},"end":{"id":"com.telelogic.rhapsody.core.RPPackage@6f8bf8b0"},"id":"","label":"CONTAINS","type":"relationship","properties":{"type":"package"}}
{"id":"com.telelogic.rhapsody.core.RPPackage@7bb3afa4","type":"node","properties":{"ownerType":"Package","ownerName":"UseCaseModelling","name":"StopCrash","description":"","genericType":"Package","type":"Package","ownerIdentifier":"com.telelogic.rhapsody.core.RPPackage@4cca3569"},"labels":["Package"]}
{"start":{"id":"com.telelogic.rhapsody.core.RPPackage@4cca3569"},"end":{"id":"com.telelogic.rhapsody.core.RPPackage@7bb3afa4"},"id":"","label":"CONTAINS","type":"relationship","properties":{"type":"package"}}
{"id":"com.telelogic.rhapsody.core.RPPackage@ca6c8c7b","type":"node","properties":{"ownerType":"Package","ownerName":"TUesla","name":"RequirementsAnalysis","description":"","genericType":"Package","type":"Package","ownerIdentifier":"com.telelogic.rhapsody.core.RPPackage@bc76a5f7"},"labels":["Package"]}
{"start":{"id":"com.telelogic.rhapsody.core.RPPackage@bc76a5f7"},"end":{"id":"com.telelogic.rhapsody.core.RPPackage@ca6c8c7b"},"id":"","label":"CONTAINS","type":"relationship","properties":{"type":"package"}}
{"id":"com.telelogic.rhapsody.core.RPPackage@e333e75a","type":"node","properties":{"ownerType":"Package","ownerName":"RequirementsAnalysis","name":"FunctionalReqPkg","description":"","genericType":"Package","type":"Package","ownerIdentifier":"com.telelogic.rhapsody.core.RPPackage@ca6c8c7b"},"labels":["Package"]}
{"start":{"id":"com.telelogic.rhapsody.core.RPPackage@ca6c8c7b"},"end":{"id":"com.telelogic.rhapsody.core.RPPackage@e333e75a"},"id":"","label":"CONTAINS","type":"relationship","properties":{"type":"package"}}
{"id":"com.telelogic.rhapsody.core.RPPackage@2b7d081","type":"node","properties":{"ownerType":"Package","ownerName":"RequirementsAnalysis","name":"NonFunctionalReqPkg","description":"","genericType":"Package","type":"Package","ownerIdentifier":"com.telelogic.rhapsody.core.RPPackage@ca6c8c7b"},"labels":["Package"]}
{"start":{"id":"com.telelogic.rhapsody.core.RPPackage@ca6c8c7b"},"end":{"id":"com.telelogic.rhapsody.core.RPPackage@2b7d081"},"id":"","label":"CONTAINS","type":"relationship","properties":{"type":"package"}}
{"id":"com.telelogic.rhapsody.core.RPPackage@dea673e9","type":"node","properties":{"ownerType":"Package","ownerName":"RequirementsAnalysis","name":"BusinessReqPkg","description":"","genericType":"Package","type":"Package","ownerIdentifier":"com.telelogic.rhapsody.core.RPPackage@ca6c8c7b"},"labels":["Package"]}
{"start":{"id":"com.telelogic.rhapsody.core.RPPackage@ca6c8c7b"},"end":{"id":"com.telelogic.rhapsody.core.RPPackage@dea673e9"},"id":"","label":"CONTAINS","type":"relationship","properties":{"type":"package"}}
{"id":"com.telelogic.rhapsody.core.RPPackage@8022f540","type":"node","properties":{"ownerType":"Package","ownerName":"RequirementsAnalysis","name":"SafetyReqPkg","description":"","genericType":"Package","type":"Package","ownerIdentifier":"com.telelogic.rhapsody.core.RPPackage@ca6c8c7b"},"labels":["Package"]}
{"start":{"id":"com.telelogic.rhapsody.core.RPPackage@ca6c8c7b"},"end":{"id":"com.telelogic.rhapsody.core.RPPackage@8022f540"},"id":"","label":"CONTAINS","type":"relationship","properties":{"type":"package"}}
{"id":"com.telelogic.rhapsody.core.RPPackage@65a93aac","type":"node","properties":{"ownerType":"Package","ownerName":"TUesla","name":"Usecases","description":"","genericType":"Package","type":"Package","ownerIdentifier":"com.telelogic.rhapsody.core.RPPackage@bc76a5f7"},"labels":["Package"]}
{"start":{"id":"com.telelogic.rhapsody.core.RPPackage@bc76a5f7"},"end":{"id":"com.telelogic.rhapsody.core.RPPackage@65a93aac"},"id":"","label":"CONTAINS","type":"relationship","properties":{"type":"package"}}
{"id":"com.telelogic.rhapsody.core.RPPackage@521d6edf","type":"node","properties":{"ownerType":"Package","ownerName":"TUesla","name":"PanelDiagram","description":"","genericType":"Package","type":"Package","ownerIdentifier":"com.telelogic.rhapsody.core.RPPackage@bc76a5f7"},"labels":["Package"]}
{"start":{"id":"com.telelogic.rhapsody.core.RPPackage@bc76a5f7"},"end":{"id":"com.telelogic.rhapsody.core.RPPackage@521d6edf"},"id":"","label":"CONTAINS","type":"relationship","properties":{"type":"package"}}
{"id":"com.telelogic.rhapsody.core.RPPackage@72972d5b","type":"node","properties":{"ownerType":"Project","ownerName":"Project","name":"SystemContext","description":"","genericType":"Package","type":"Package","ownerIdentifier":"com.telelogic.rhapsody.core.RPProject@d20145cd"},"labels":["Package"]}
{"start":{"id":"com.telelogic.rhapsody.core.RPProject@d20145cd"},"end":{"id":"com.telelogic.rhapsody.core.RPPackage@72972d5b"},"id":"","label":"CONTAINS","type":"relationship","properties":{"type":"package"}}
{"id":"com.telelogic.rhapsody.core.RPPackage@b2e86216","type":"node","properties":{"ownerType":"Package","ownerName":"SystemContext","name":"Stakeholders","description":"","genericType":"Package","type":"Package","ownerIdentifier":"com.telelogic.rhapsody.core.RPPackage@72972d5b"},"labels":["Package"]}
{"start":{"id":"com.telelogic.rhapsody.core.RPPackage@72972d5b"},"end":{"id":"com.telelogic.rhapsody.core.RPPackage@b2e86216"},"id":"","label":"CONTAINS","type":"relationship","properties":{"type":"package"}}
{"id":"com.telelogic.rhapsody.core.RPPackage@86cc352","type":"node","properties":{"ownerType":"Package","ownerName":"SystemContext","name":"Actors","description":"","genericType":"Package","type":"Package","ownerIdentifier":"com.telelogic.rhapsody.core.RPPackage@72972d5b"},"labels":["Package"]}
{"start":{"id":"com.telelogic.rhapsody.core.RPPackage@72972d5b"},"end":{"id":"com.telelogic.rhapsody.core.RPPackage@86cc352"},"id":"","label":"CONTAINS","type":"relationship","properties":{"type":"package"}}
{"id":"com.telelogic.rhapsody.core.RPPackage@a7124aef","type":"node","properties":{"ownerType":"Package","ownerName":"Actors","name":"PrimaryActors","description":"","genericType":"Package","type":"Package","ownerIdentifier":"com.telelogic.rhapsody.core.RPPackage@86cc352"},"labels":["Package"]}
{"start":{"id":"com.telelogic.rhapsody.core.RPPackage@86cc352"},"end":{"id":"com.telelogic.rhapsody.core.RPPackage@a7124aef"},"id":"","label":"CONTAINS","type":"relationship","properties":{"type":"package"}}
{"id":"com.telelogic.rhapsody.core.RPPackage@25cd4d08","type":"node","properties":{"ownerType":"Package","ownerName":"Actors","name":"SecondaryActors","description":"","genericType":"Package","type":"Package","ownerIdentifier":"com.telelogic.rhapsody.core.RPPackage@86cc352"},"labels":["Package"]}
{"start":{"id":"com.telelogic.rhapsody.core.RPPackage@86cc352"},"end":{"id":"com.telelogic.rhapsody.core.RPPackage@25cd4d08"},"id":"","label":"CONTAINS","type":"relationship","properties":{"type":"package"}}
{"id":"com.telelogic.rhapsody.core.RPPackage@410a3550","type":"node","properties":{"ownerType":"Project","ownerName":"Project","name":"DefaultConfig","description":"","genericType":"Package","type":"Package","ownerIdentifier":"com.telelogic.rhapsody.core.RPProject@d20145cd"},"labels":["Package"]}
{"start":{"id":"com.telelogic.rhapsody.core.RPProject@d20145cd"},"end":{"id":"com.telelogic.rhapsody.core.RPPackage@410a3550"},"id":"","label":"CONTAINS","type":"relationship","properties":{"type":"package"}}
