{"id":"com.telelogic.rhapsody.core.RPStatechart@182c15bd","type":"node","properties":{"ownerType":"Block","ownerName":"TUesla","name":"TUesla","description":"","genericType":"Statechart","type":"Statechart","ownerIdentifier":"com.telelogic.rhapsody.core.RPClass@598026e"},"labels":["StateMachineDiagram"]}
{"start":{"id":"com.telelogic.rhapsody.core.RPClass@598026e"},"end":{"id":"com.telelogic.rhapsody.core.RPStatechart@182c15bd"},"id":"","label":"CONTAINS_DIAGRAM","type":"relationship","properties":{"type":"state machine"}}
{"id":"com.telelogic.rhapsody.core.RPState@73205330","type":"node","properties":{"name":"ROOT","genericType":"State","type":"State"},"labels":["Block"]}
{"start":{"id":"com.telelogic.rhapsody.core.RPStatechart@182c15bd"},"end":{"id":"com.telelogic.rhapsody.core.RPState@73205330"},"id":"","label":"CONTAINS","type":"relationship","properties":{"type":"State"}}
{"id":"com.telelogic.rhapsody.core.RPState@ff39dede","type":"node","properties":{"name":"SystemActive","genericType":"State","type":"State"},"labels":["Block"]}
{"start":{"id":"com.telelogic.rhapsody.core.RPStatechart@182c15bd"},"end":{"id":"com.telelogic.rhapsody.core.RPState@ff39dede"},"id":"","label":"CONTAINS","type":"relationship","properties":{"type":"State"}}
{"start":{"id":"com.telelogic.rhapsody.core.RPState@73205330"},"end":{"id":"com.telelogic.rhapsody.core.RPState@ff39dede"},"id":"","label":"HAS_TRANSITION_WITH","type":"relationship","properties":{"guard":"","name":"0","action":"","type":"DefaultTransition"}}
