{"id":"com.telelogic.rhapsody.core.RPObjectModelDiagram@d04c1ddd","type":"node","properties":{"ownerType":"Package","ownerName":"SafetyReqPkg","name":"SafetyReqDiagram","description":"","genericType":"ObjectModelDiagram","type":"Requirements Diagram","ownerIdentifier":"com.telelogic.rhapsody.core.RPPackage@8022f540"},"labels":["RequirementDiagram"]}
{"start":{"id":"com.telelogic.rhapsody.core.RPPackage@8022f540"},"end":{"id":"com.telelogic.rhapsody.core.RPObjectModelDiagram@d04c1ddd"},"id":"","label":"CONTAINS_DIAGRAM","type":"relationship","properties":{"type":"Requirements Diagram"}}
{"id":"com.telelogic.rhapsody.core.RPRequirement@86d4c9c0","type":"node","properties":{"name":"Safety Requirements","specification":"","description":"","genericType":"Requirement","type":"Requirement","requirementId":""},"labels":["Requirement"]}
{"start":{"id":"com.telelogic.rhapsody.core.RPObjectModelDiagram@d04c1ddd"},"end":{"id":"com.telelogic.rhapsody.core.RPRequirement@86d4c9c0"},"id":"","label":"CONTAINS_REQ","type":"relationship","properties":{"type":"Requirement"}}
{"id":"com.telelogic.rhapsody.core.RPRequirement@2846d568","type":"node","properties":{"name":"DC legislation","specification":"","description":"","genericType":"Requirement","type":"Requirement","requirementId":""},"labels":["Requirement"]}
{"start":{"id":"com.telelogic.rhapsody.core.RPObjectModelDiagram@d04c1ddd"},"end":{"id":"com.telelogic.rhapsody.core.RPRequirement@2846d568"},"id":"","label":"CONTAINS_REQ","type":"relationship","properties":{"type":"Requirement"}}
{"id":"com.telelogic.rhapsody.core.RPRequirement@eac94a45","type":"node","properties":{"name":"Operational safety","specification":"","description":"","genericType":"Requirement","type":"Requirement","requirementId":""},"labels":["Requirement"]}
{"start":{"id":"com.telelogic.rhapsody.core.RPObjectModelDiagram@d04c1ddd"},"end":{"id":"com.telelogic.rhapsody.core.RPRequirement@eac94a45"},"id":"","label":"CONTAINS_REQ","type":"relationship","properties":{"type":"Requirement"}}
{"id":"com.telelogic.rhapsody.core.RPRequirement@51a62e7d","type":"node","properties":{"name":"Maximum speed","specification":"The system shall limit the DCT�s maximum speed to 15 km\/h.\r\n","description":"","genericType":"Requirement","type":"Requirement","requirementId":""},"labels":["Requirement"]}
{"start":{"id":"com.telelogic.rhapsody.core.RPObjectModelDiagram@d04c1ddd"},"end":{"id":"com.telelogic.rhapsody.core.RPRequirement@51a62e7d"},"id":"","label":"CONTAINS_REQ","type":"relationship","properties":{"type":"Requirement"}}
{"id":"com.telelogic.rhapsody.core.RPRequirement@c21611dc","type":"node","properties":{"name":"Functional safety","specification":"The system shall adhere to the standardized functional safety according to ISO 26262.","description":"","genericType":"Requirement","type":"Requirement","requirementId":""},"labels":["Requirement"]}
{"start":{"id":"com.telelogic.rhapsody.core.RPObjectModelDiagram@d04c1ddd"},"end":{"id":"com.telelogic.rhapsody.core.RPRequirement@c21611dc"},"id":"","label":"CONTAINS_REQ","type":"relationship","properties":{"type":"Requirement"}}
{"id":"com.telelogic.rhapsody.core.RPRequirement@d2d64b","type":"node","properties":{"name":"SOTIF","specification":"The system shall adhere to the standardized SOTIF according to ISO 21448.\r\n","description":"","genericType":"Requirement","type":"Requirement","requirementId":""},"labels":["Requirement"]}
{"start":{"id":"com.telelogic.rhapsody.core.RPObjectModelDiagram@d04c1ddd"},"end":{"id":"com.telelogic.rhapsody.core.RPRequirement@d2d64b"},"id":"","label":"CONTAINS_REQ","type":"relationship","properties":{"type":"Requirement"}}
