{"id":"com.telelogic.rhapsody.core.RPObjectModelDiagram@4d0a4683","type":"node","properties":{"ownerType":"Package","ownerName":"BusinessReqPkg","name":"BusinessReqsDiagram","description":"","genericType":"ObjectModelDiagram","type":"Requirements Diagram","ownerIdentifier":"com.telelogic.rhapsody.core.RPPackage@dea673e9"},"labels":["RequirementDiagram"]}
{"start":{"id":"com.telelogic.rhapsody.core.RPPackage@dea673e9"},"end":{"id":"com.telelogic.rhapsody.core.RPObjectModelDiagram@4d0a4683"},"id":"","label":"CONTAINS_DIAGRAM","type":"relationship","properties":{"type":"Requirements Diagram"}}
{"id":"com.telelogic.rhapsody.core.RPRequirement@df6f3783","type":"node","properties":{"name":"Business Requirements","specification":"","description":"","genericType":"Requirement","type":"Requirement","requirementId":""},"labels":["Requirement"]}
{"start":{"id":"com.telelogic.rhapsody.core.RPObjectModelDiagram@4d0a4683"},"end":{"id":"com.telelogic.rhapsody.core.RPRequirement@df6f3783"},"id":"","label":"CONTAINS_REQ","type":"relationship","properties":{"type":"Requirement"}}
{"id":"com.telelogic.rhapsody.core.RPRequirement@c8443ca7","type":"node","properties":{"name":"Financially feasible","specification":"The system shall be financially feasible.","description":"","genericType":"Requirement","type":"Requirement","requirementId":"12"},"labels":["Requirement"]}
{"start":{"id":"com.telelogic.rhapsody.core.RPObjectModelDiagram@4d0a4683"},"end":{"id":"com.telelogic.rhapsody.core.RPRequirement@c8443ca7"},"id":"","label":"CONTAINS_REQ","type":"relationship","properties":{"type":"Requirement"}}
{"id":"com.telelogic.rhapsody.core.RPRequirement@ad58868","type":"node","properties":{"name":"Operate outside working hours","specification":"The system shall be able to (potentially) run outside working hours for truck drivers.","description":"","genericType":"Requirement","type":"Requirement","requirementId":"13"},"labels":["Requirement"]}
{"start":{"id":"com.telelogic.rhapsody.core.RPObjectModelDiagram@4d0a4683"},"end":{"id":"com.telelogic.rhapsody.core.RPRequirement@ad58868"},"id":"","label":"CONTAINS_REQ","type":"relationship","properties":{"type":"Requirement"}}
