{"id":"com.telelogic.rhapsody.core.RPObjectModelDiagram@48f19771","type":"node","properties":{"ownerType":"Package","ownerName":"TUesla","name":"Functionalities","description":"","genericType":"ObjectModelDiagram","type":"Block Definition Diagram","ownerIdentifier":"com.telelogic.rhapsody.core.RPPackage@bc76a5f7"},"labels":["BDDDiagram"]}
{"start":{"id":"com.telelogic.rhapsody.core.RPPackage@bc76a5f7"},"end":{"id":"com.telelogic.rhapsody.core.RPObjectModelDiagram@48f19771"},"id":"","label":"CONTAINS_DIAGRAM","type":"relationship","properties":{"type":"Block Definition Diagram"}}
{"id":"com.telelogic.rhapsody.core.RPClass@598026e","type":"node","properties":{"name":"TUesla","genericType":"Class","type":"Block"},"labels":["Block"]}
{"start":{"id":"com.telelogic.rhapsody.core.RPObjectModelDiagram@48f19771"},"end":{"id":"com.telelogic.rhapsody.core.RPClass@598026e"},"id":"","label":"CONTAINS_BLOCK","type":"relationship","properties":{"type":"Block"}}
{"start":{"id":"com.telelogic.rhapsody.core.RPClass@598026e"},"end":{"id":"com.telelogic.rhapsody.core.RPClass@77b476d8"},"id":"","label":"HAS_COMPOSITION_WITH","type":"relationship","properties":{"name":"itsUC_HMI","type":"Composition"}}
{"start":{"id":"com.telelogic.rhapsody.core.RPClass@598026e"},"end":{"id":"com.telelogic.rhapsody.core.RPClass@7bbfc4e"},"id":"","label":"HAS_COMPOSITION_WITH","type":"relationship","properties":{"name":"itsUC_ObstacleDetection","type":"Composition"}}
{"start":{"id":"com.telelogic.rhapsody.core.RPClass@598026e"},"end":{"id":"com.telelogic.rhapsody.core.RPClass@4bc78435"},"id":"","label":"HAS_COMPOSITION_WITH","type":"relationship","properties":{"name":"itsUC_ManualOverride","type":"Composition"}}
{"start":{"id":"com.telelogic.rhapsody.core.RPClass@598026e"},"end":{"id":"com.telelogic.rhapsody.core.RPClass@9eca6669"},"id":"","label":"HAS_COMPOSITION_WITH","type":"relationship","properties":{"name":"itsUC_StopCrash","type":"Composition"}}
{"start":{"id":"com.telelogic.rhapsody.core.RPClass@598026e"},"end":{"id":"com.telelogic.rhapsody.core.RPClass@a63d1a37"},"id":"","label":"HAS_COMPOSITION_WITH","type":"relationship","properties":{"name":"itsUC_LoadingCargo","type":"Composition"}}
{"start":{"id":"com.telelogic.rhapsody.core.RPClass@598026e"},"end":{"id":"com.telelogic.rhapsody.core.RPClass@3481bdc2"},"id":"","label":"HAS_COMPOSITION_WITH","type":"relationship","properties":{"name":"itsUC_ManualHMI","type":"Composition"}}
{"start":{"id":"com.telelogic.rhapsody.core.RPClass@598026e"},"end":{"id":"com.telelogic.rhapsody.core.RPClass@550c1d30"},"id":"","label":"HAS_COMPOSITION_WITH","type":"relationship","properties":{"name":"itsUC_PathPlanning","type":"Composition"}}
{"start":{"id":"com.telelogic.rhapsody.core.RPClass@598026e"},"end":{"id":"com.telelogic.rhapsody.core.RPClass@4d03b059"},"id":"","label":"HAS_COMPOSITION_WITH","type":"relationship","properties":{"name":"itsUC_ParkingAssign","type":"Composition"}}
{"start":{"id":"com.telelogic.rhapsody.core.RPClass@598026e"},"end":{"id":"com.telelogic.rhapsody.core.RPClass@7a798d42"},"id":"","label":"HAS_COMPOSITION_WITH","type":"relationship","properties":{"name":"itsUC_CompareSOC","type":"Composition"}}
{"start":{"id":"com.telelogic.rhapsody.core.RPClass@598026e"},"end":{"id":"com.telelogic.rhapsody.core.RPClass@641b0b87"},"id":"","label":"HAS_COMPOSITION_WITH","type":"relationship","properties":{"name":"itsUC_Drive","type":"Composition"}}
{"start":{"id":"com.telelogic.rhapsody.core.RPClass@598026e"},"end":{"id":"com.telelogic.rhapsody.core.RPClass@efb3794c"},"id":"","label":"HAS_COMPOSITION_WITH","type":"relationship","properties":{"name":"itsUC_Coupling","type":"Composition"}}
{"start":{"id":"com.telelogic.rhapsody.core.RPClass@598026e"},"end":{"id":"com.telelogic.rhapsody.core.RPClass@4dfd4ff0"},"id":"","label":"HAS_COMPOSITION_WITH","type":"relationship","properties":{"name":"itsUC_Charging","type":"Composition"}}
{"start":{"id":"com.telelogic.rhapsody.core.RPClass@598026e"},"end":{"id":"com.telelogic.rhapsody.core.RPClass@42d4b33c"},"id":"","label":"HAS_ASSOCIATION_WITH","type":"relationship","properties":{"name":"itsDCT","type":"Association"}}
{"start":{"id":"com.telelogic.rhapsody.core.RPClass@598026e"},"end":{"id":"com.telelogic.rhapsody.core.RPClass@61914cb6"},"id":"","label":"HAS_ASSOCIATION_WITH","type":"relationship","properties":{"name":"itsSensors","type":"Association"}}
{"start":{"id":"com.telelogic.rhapsody.core.RPClass@598026e"},"end":{"id":"com.telelogic.rhapsody.core.RPActor@5365e5cd"},"id":"","label":"HAS_ASSOCIATION_WITH","type":"relationship","properties":{"name":"itsDCLogisticEmployee","type":"Association"}}
{"start":{"id":"com.telelogic.rhapsody.core.RPClass@598026e"},"end":{"id":"com.telelogic.rhapsody.core.RPClass@5a42034d"},"id":"","label":"HAS_ASSOCIATION_WITH","type":"relationship","properties":{"name":"itsCargo","type":"Association"}}
{"start":{"id":"com.telelogic.rhapsody.core.RPClass@598026e"},"end":{"id":"com.telelogic.rhapsody.core.RPClass@d564998"},"id":"","label":"HAS_ASSOCIATION_WITH","type":"relationship","properties":{"name":"itsDCLocalizationSystem","type":"Association"}}
{"start":{"id":"com.telelogic.rhapsody.core.RPClass@598026e"},"end":{"id":"com.telelogic.rhapsody.core.RPClass@bcc57ea5"},"id":"","label":"HAS_ASSOCIATION_WITH","type":"relationship","properties":{"name":"itsEnvironmentSensors","type":"Association"}}
{"start":{"id":"com.telelogic.rhapsody.core.RPClass@598026e"},"end":{"id":"com.telelogic.rhapsody.core.RPClass@41db6fcb"},"id":"","label":"HAS_ASSOCIATION_WITH","type":"relationship","properties":{"name":"itsDCBoard","type":"Association"}}
{"start":{"id":"com.telelogic.rhapsody.core.RPClass@598026e"},"end":{"id":"com.telelogic.rhapsody.core.RPActor@830c5e77"},"id":"","label":"HAS_ASSOCIATION_WITH","type":"relationship","properties":{"name":"itsDCLoadingEmployee","type":"Association"}}
{"id":"com.telelogic.rhapsody.core.RPClass@4dfd4ff0","type":"node","properties":{"name":"UC_Charging","genericType":"Class","type":"Block"},"labels":["Block"]}
{"start":{"id":"com.telelogic.rhapsody.core.RPObjectModelDiagram@48f19771"},"end":{"id":"com.telelogic.rhapsody.core.RPClass@4dfd4ff0"},"id":"","label":"CONTAINS_BLOCK","type":"relationship","properties":{"type":"Block"}}
{"start":{"id":"com.telelogic.rhapsody.core.RPClass@4dfd4ff0"},"end":{"id":"com.telelogic.rhapsody.core.RPActor@5365e5cd"},"id":"","label":"HAS_ASSOCIATION_WITH","type":"relationship","properties":{"name":"itsDCLogisticEmployee","type":"Association"}}
{"start":{"id":"com.telelogic.rhapsody.core.RPClass@4dfd4ff0"},"end":{"id":"com.telelogic.rhapsody.core.RPClass@42d4b33c"},"id":"","label":"HAS_ASSOCIATION_WITH","type":"relationship","properties":{"name":"itsDCT","type":"Association"}}
{"start":{"id":"com.telelogic.rhapsody.core.RPClass@4dfd4ff0"},"end":{"id":"com.telelogic.rhapsody.core.RPClass@7a798d42"},"id":"","label":"HAS_ASSOCIATION_WITH","type":"relationship","properties":{"name":"itsUC_CompareSOC","type":"Association"}}
{"id":"com.telelogic.rhapsody.core.RPClass@7a798d42","type":"node","properties":{"name":"UC_CompareSOC","genericType":"Class","type":"Block"},"labels":["Block"]}
{"start":{"id":"com.telelogic.rhapsody.core.RPObjectModelDiagram@48f19771"},"end":{"id":"com.telelogic.rhapsody.core.RPClass@7a798d42"},"id":"","label":"CONTAINS_BLOCK","type":"relationship","properties":{"type":"Block"}}
{"start":{"id":"com.telelogic.rhapsody.core.RPClass@7a798d42"},"end":{"id":"com.telelogic.rhapsody.core.RPClass@42d4b33c"},"id":"","label":"HAS_ASSOCIATION_WITH","type":"relationship","properties":{"name":"itsDCT","type":"Association"}}
{"start":{"id":"com.telelogic.rhapsody.core.RPClass@7a798d42"},"end":{"id":"com.telelogic.rhapsody.core.RPClass@4dfd4ff0"},"id":"","label":"HAS_ASSOCIATION_WITH","type":"relationship","properties":{"name":"itsUC_Charging","type":"Association"}}
{"start":{"id":"com.telelogic.rhapsody.core.RPClass@7a798d42"},"end":{"id":"com.telelogic.rhapsody.core.RPClass@641b0b87"},"id":"","label":"HAS_ASSOCIATION_WITH","type":"relationship","properties":{"name":"itsUC_Drive","type":"Association"}}
{"id":"com.telelogic.rhapsody.core.RPClass@efb3794c","type":"node","properties":{"name":"UC_Coupling","genericType":"Class","type":"Block"},"labels":["Block"]}
{"start":{"id":"com.telelogic.rhapsody.core.RPObjectModelDiagram@48f19771"},"end":{"id":"com.telelogic.rhapsody.core.RPClass@efb3794c"},"id":"","label":"CONTAINS_BLOCK","type":"relationship","properties":{"type":"Block"}}
{"start":{"id":"com.telelogic.rhapsody.core.RPClass@efb3794c"},"end":{"id":"com.telelogic.rhapsody.core.RPClass@42d4b33c"},"id":"","label":"HAS_ASSOCIATION_WITH","type":"relationship","properties":{"name":"itsDCT","type":"Association"}}
{"start":{"id":"com.telelogic.rhapsody.core.RPClass@efb3794c"},"end":{"id":"com.telelogic.rhapsody.core.RPClass@4d03b059"},"id":"","label":"HAS_ASSOCIATION_WITH","type":"relationship","properties":{"name":"itsUC_ParkingAssign","type":"Association"}}
{"start":{"id":"com.telelogic.rhapsody.core.RPClass@efb3794c"},"end":{"id":"com.telelogic.rhapsody.core.RPClass@641b0b87"},"id":"","label":"HAS_ASSOCIATION_WITH","type":"relationship","properties":{"name":"itsUC_Drive","type":"Association"}}
{"id":"com.telelogic.rhapsody.core.RPClass@641b0b87","type":"node","properties":{"name":"UC_Drive","genericType":"Class","type":"Block"},"labels":["Block"]}
{"start":{"id":"com.telelogic.rhapsody.core.RPObjectModelDiagram@48f19771"},"end":{"id":"com.telelogic.rhapsody.core.RPClass@641b0b87"},"id":"","label":"CONTAINS_BLOCK","type":"relationship","properties":{"type":"Block"}}
{"start":{"id":"com.telelogic.rhapsody.core.RPClass@641b0b87"},"end":{"id":"com.telelogic.rhapsody.core.RPClass@42d4b33c"},"id":"","label":"HAS_ASSOCIATION_WITH","type":"relationship","properties":{"name":"itsDCT","type":"Association"}}
{"start":{"id":"com.telelogic.rhapsody.core.RPClass@641b0b87"},"end":{"id":"com.telelogic.rhapsody.core.RPClass@7a798d42"},"id":"","label":"HAS_ASSOCIATION_WITH","type":"relationship","properties":{"name":"itsUC_CompareSOC","type":"Association"}}
{"start":{"id":"com.telelogic.rhapsody.core.RPClass@641b0b87"},"end":{"id":"com.telelogic.rhapsody.core.RPClass@550c1d30"},"id":"","label":"HAS_ASSOCIATION_WITH","type":"relationship","properties":{"name":"itsUC_PathPlanning","type":"Association"}}
{"start":{"id":"com.telelogic.rhapsody.core.RPClass@641b0b87"},"end":{"id":"com.telelogic.rhapsody.core.RPClass@efb3794c"},"id":"","label":"HAS_ASSOCIATION_WITH","type":"relationship","properties":{"name":"itsUC_Coupling","type":"Association"}}
{"start":{"id":"com.telelogic.rhapsody.core.RPClass@641b0b87"},"end":{"id":"com.telelogic.rhapsody.core.RPClass@9eca6669"},"id":"","label":"HAS_ASSOCIATION_WITH","type":"relationship","properties":{"name":"itsUC_StopCrash","type":"Association"}}
{"id":"com.telelogic.rhapsody.core.RPClass@77b476d8","type":"node","properties":{"name":"UC_HMI","genericType":"Class","type":"Block"},"labels":["Block"]}
{"start":{"id":"com.telelogic.rhapsody.core.RPObjectModelDiagram@48f19771"},"end":{"id":"com.telelogic.rhapsody.core.RPClass@77b476d8"},"id":"","label":"CONTAINS_BLOCK","type":"relationship","properties":{"type":"Block"}}
{"start":{"id":"com.telelogic.rhapsody.core.RPClass@77b476d8"},"end":{"id":"com.telelogic.rhapsody.core.RPClass@42d4b33c"},"id":"","label":"HAS_ASSOCIATION_WITH","type":"relationship","properties":{"name":"itsDCT","type":"Association"}}
{"start":{"id":"com.telelogic.rhapsody.core.RPClass@77b476d8"},"end":{"id":"com.telelogic.rhapsody.core.RPClass@bcc57ea5"},"id":"","label":"HAS_ASSOCIATION_WITH","type":"relationship","properties":{"name":"itsEnvironmentSensors","type":"Association"}}
{"start":{"id":"com.telelogic.rhapsody.core.RPClass@77b476d8"},"end":{"id":"com.telelogic.rhapsody.core.RPClass@3481bdc2"},"id":"","label":"HAS_ASSOCIATION_WITH","type":"relationship","properties":{"name":"itsUC_ManualHMI","type":"Association"}}
{"id":"com.telelogic.rhapsody.core.RPClass@a63d1a37","type":"node","properties":{"name":"UC_LoadingCargo","genericType":"Class","type":"Block"},"labels":["Block"]}
{"start":{"id":"com.telelogic.rhapsody.core.RPObjectModelDiagram@48f19771"},"end":{"id":"com.telelogic.rhapsody.core.RPClass@a63d1a37"},"id":"","label":"CONTAINS_BLOCK","type":"relationship","properties":{"type":"Block"}}
{"start":{"id":"com.telelogic.rhapsody.core.RPClass@a63d1a37"},"end":{"id":"com.telelogic.rhapsody.core.RPClass@d564998"},"id":"","label":"HAS_ASSOCIATION_WITH","type":"relationship","properties":{"name":"itsDCLocalizationSystem","type":"Association"}}
{"start":{"id":"com.telelogic.rhapsody.core.RPClass@a63d1a37"},"end":{"id":"com.telelogic.rhapsody.core.RPClass@42d4b33c"},"id":"","label":"HAS_ASSOCIATION_WITH","type":"relationship","properties":{"name":"itsDCT","type":"Association"}}
{"start":{"id":"com.telelogic.rhapsody.core.RPClass@a63d1a37"},"end":{"id":"com.telelogic.rhapsody.core.RPActor@830c5e77"},"id":"","label":"HAS_ASSOCIATION_WITH","type":"relationship","properties":{"name":"itsDCLoadingEmployee","type":"Association"}}
{"id":"com.telelogic.rhapsody.core.RPClass@3481bdc2","type":"node","properties":{"name":"UC_ManualHMI","genericType":"Class","type":"Block"},"labels":["Block"]}
{"start":{"id":"com.telelogic.rhapsody.core.RPObjectModelDiagram@48f19771"},"end":{"id":"com.telelogic.rhapsody.core.RPClass@3481bdc2"},"id":"","label":"CONTAINS_BLOCK","type":"relationship","properties":{"type":"Block"}}
{"start":{"id":"com.telelogic.rhapsody.core.RPClass@3481bdc2"},"end":{"id":"com.telelogic.rhapsody.core.RPClass@42d4b33c"},"id":"","label":"HAS_ASSOCIATION_WITH","type":"relationship","properties":{"name":"itsDCT","type":"Association"}}
{"start":{"id":"com.telelogic.rhapsody.core.RPClass@3481bdc2"},"end":{"id":"com.telelogic.rhapsody.core.RPActor@5365e5cd"},"id":"","label":"HAS_ASSOCIATION_WITH","type":"relationship","properties":{"name":"itsDCLogisticEmployee","type":"Association"}}
{"start":{"id":"com.telelogic.rhapsody.core.RPClass@3481bdc2"},"end":{"id":"com.telelogic.rhapsody.core.RPClass@77b476d8"},"id":"","label":"HAS_ASSOCIATION_WITH","type":"relationship","properties":{"name":"itsUC_HMI","type":"Association"}}
{"id":"com.telelogic.rhapsody.core.RPClass@4bc78435","type":"node","properties":{"name":"UC_ManualOverride","genericType":"Class","type":"Block"},"labels":["Block"]}
{"start":{"id":"com.telelogic.rhapsody.core.RPObjectModelDiagram@48f19771"},"end":{"id":"com.telelogic.rhapsody.core.RPClass@4bc78435"},"id":"","label":"CONTAINS_BLOCK","type":"relationship","properties":{"type":"Block"}}
{"start":{"id":"com.telelogic.rhapsody.core.RPClass@4bc78435"},"end":{"id":"com.telelogic.rhapsody.core.RPActor@5365e5cd"},"id":"","label":"HAS_ASSOCIATION_WITH","type":"relationship","properties":{"name":"itsDCLogisticEmployee","type":"Association"}}
{"start":{"id":"com.telelogic.rhapsody.core.RPClass@4bc78435"},"end":{"id":"com.telelogic.rhapsody.core.RPClass@42d4b33c"},"id":"","label":"HAS_ASSOCIATION_WITH","type":"relationship","properties":{"name":"itsDCT","type":"Association"}}
{"start":{"id":"com.telelogic.rhapsody.core.RPClass@4bc78435"},"end":{"id":"com.telelogic.rhapsody.core.RPClass@9eca6669"},"id":"","label":"HAS_ASSOCIATION_WITH","type":"relationship","properties":{"name":"itsUC_StopCrash","type":"Association"}}
{"id":"com.telelogic.rhapsody.core.RPClass@7bbfc4e","type":"node","properties":{"name":"UC_ObstacleDetection","genericType":"Class","type":"Block"},"labels":["Block"]}
{"start":{"id":"com.telelogic.rhapsody.core.RPObjectModelDiagram@48f19771"},"end":{"id":"com.telelogic.rhapsody.core.RPClass@7bbfc4e"},"id":"","label":"CONTAINS_BLOCK","type":"relationship","properties":{"type":"Block"}}
{"start":{"id":"com.telelogic.rhapsody.core.RPClass@7bbfc4e"},"end":{"id":"com.telelogic.rhapsody.core.RPClass@d564998"},"id":"","label":"HAS_ASSOCIATION_WITH","type":"relationship","properties":{"name":"itsDCLocalizationSystem","type":"Association"}}
{"start":{"id":"com.telelogic.rhapsody.core.RPClass@7bbfc4e"},"end":{"id":"com.telelogic.rhapsody.core.RPClass@550c1d30"},"id":"","label":"HAS_ASSOCIATION_WITH","type":"relationship","properties":{"name":"itsUC_PathPlanning","type":"Association"}}
{"id":"com.telelogic.rhapsody.core.RPClass@4d03b059","type":"node","properties":{"name":"UC_ParkingAssign","genericType":"Class","type":"Block"},"labels":["Block"]}
{"start":{"id":"com.telelogic.rhapsody.core.RPObjectModelDiagram@48f19771"},"end":{"id":"com.telelogic.rhapsody.core.RPClass@4d03b059"},"id":"","label":"CONTAINS_BLOCK","type":"relationship","properties":{"type":"Block"}}
{"start":{"id":"com.telelogic.rhapsody.core.RPClass@4d03b059"},"end":{"id":"com.telelogic.rhapsody.core.RPClass@efb3794c"},"id":"","label":"HAS_ASSOCIATION_WITH","type":"relationship","properties":{"name":"itsUC_Coupling","type":"Association"}}
{"start":{"id":"com.telelogic.rhapsody.core.RPClass@4d03b059"},"end":{"id":"com.telelogic.rhapsody.core.RPClass@550c1d30"},"id":"","label":"HAS_ASSOCIATION_WITH","type":"relationship","properties":{"name":"itsUC_PathPlanning","type":"Association"}}
{"id":"com.telelogic.rhapsody.core.RPClass@550c1d30","type":"node","properties":{"name":"UC_PathPlanning","genericType":"Class","type":"Block"},"labels":["Block"]}
{"start":{"id":"com.telelogic.rhapsody.core.RPObjectModelDiagram@48f19771"},"end":{"id":"com.telelogic.rhapsody.core.RPClass@550c1d30"},"id":"","label":"CONTAINS_BLOCK","type":"relationship","properties":{"type":"Block"}}
{"start":{"id":"com.telelogic.rhapsody.core.RPClass@550c1d30"},"end":{"id":"com.telelogic.rhapsody.core.RPClass@d564998"},"id":"","label":"HAS_ASSOCIATION_WITH","type":"relationship","properties":{"name":"itsDCLocalizationSystem","type":"Association"}}
{"start":{"id":"com.telelogic.rhapsody.core.RPClass@550c1d30"},"end":{"id":"com.telelogic.rhapsody.core.RPClass@4d03b059"},"id":"","label":"HAS_ASSOCIATION_WITH","type":"relationship","properties":{"name":"itsUC_ParkingAssign","type":"Association"}}
{"start":{"id":"com.telelogic.rhapsody.core.RPClass@550c1d30"},"end":{"id":"com.telelogic.rhapsody.core.RPClass@7bbfc4e"},"id":"","label":"HAS_ASSOCIATION_WITH","type":"relationship","properties":{"name":"itsUC_ObstacleDetection","type":"Association"}}
{"start":{"id":"com.telelogic.rhapsody.core.RPClass@550c1d30"},"end":{"id":"com.telelogic.rhapsody.core.RPClass@641b0b87"},"id":"","label":"HAS_ASSOCIATION_WITH","type":"relationship","properties":{"name":"itsUC_Drive","type":"Association"}}
{"start":{"id":"com.telelogic.rhapsody.core.RPClass@550c1d30"},"end":{"id":"com.telelogic.rhapsody.core.RPClass@9eca6669"},"id":"","label":"HAS_ASSOCIATION_WITH","type":"relationship","properties":{"name":"itsUC_StopCrash","type":"Association"}}
{"id":"com.telelogic.rhapsody.core.RPClass@9eca6669","type":"node","properties":{"name":"UC_StopCrash","genericType":"Class","type":"Block"},"labels":["Block"]}
{"start":{"id":"com.telelogic.rhapsody.core.RPObjectModelDiagram@48f19771"},"end":{"id":"com.telelogic.rhapsody.core.RPClass@9eca6669"},"id":"","label":"CONTAINS_BLOCK","type":"relationship","properties":{"type":"Block"}}
{"start":{"id":"com.telelogic.rhapsody.core.RPClass@9eca6669"},"end":{"id":"com.telelogic.rhapsody.core.RPActor@5365e5cd"},"id":"","label":"HAS_ASSOCIATION_WITH","type":"relationship","properties":{"name":"itsDCLogisticEmployee","type":"Association"}}
{"start":{"id":"com.telelogic.rhapsody.core.RPClass@9eca6669"},"end":{"id":"com.telelogic.rhapsody.core.RPClass@42d4b33c"},"id":"","label":"HAS_ASSOCIATION_WITH","type":"relationship","properties":{"name":"itsDCT","type":"Association"}}
{"start":{"id":"com.telelogic.rhapsody.core.RPClass@9eca6669"},"end":{"id":"com.telelogic.rhapsody.core.RPClass@61914cb6"},"id":"","label":"HAS_ASSOCIATION_WITH","type":"relationship","properties":{"name":"itsSensors","type":"Association"}}
{"start":{"id":"com.telelogic.rhapsody.core.RPClass@9eca6669"},"end":{"id":"com.telelogic.rhapsody.core.RPClass@641b0b87"},"id":"","label":"HAS_ASSOCIATION_WITH","type":"relationship","properties":{"name":"itsUC_Drive","type":"Association"}}
{"start":{"id":"com.telelogic.rhapsody.core.RPClass@9eca6669"},"end":{"id":"com.telelogic.rhapsody.core.RPClass@550c1d30"},"id":"","label":"HAS_ASSOCIATION_WITH","type":"relationship","properties":{"name":"itsUC_PathPlanning","type":"Association"}}
{"start":{"id":"com.telelogic.rhapsody.core.RPClass@9eca6669"},"end":{"id":"com.telelogic.rhapsody.core.RPClass@4bc78435"},"id":"","label":"HAS_ASSOCIATION_WITH","type":"relationship","properties":{"name":"itsUC_ManualOverride","type":"Association"}}
