{"id":"com.telelogic.rhapsody.core.RPObjectModelDiagram@a10bdf25","type":"node","properties":{"ownerType":"Package","ownerName":"FunctionalReqPkg","name":"FunctionalReqdiagram","description":"","genericType":"ObjectModelDiagram","type":"Requirements Diagram","ownerIdentifier":"com.telelogic.rhapsody.core.RPPackage@e333e75a"},"labels":["RequirementDiagram"]}
{"start":{"id":"com.telelogic.rhapsody.core.RPPackage@e333e75a"},"end":{"id":"com.telelogic.rhapsody.core.RPObjectModelDiagram@a10bdf25"},"id":"","label":"CONTAINS_DIAGRAM","type":"relationship","properties":{"type":"Requirements Diagram"}}
{"id":"com.telelogic.rhapsody.core.RPRequirement@4049944d","type":"node","properties":{"name":"Functional Requirements","specification":"","description":"","genericType":"Requirement","type":"Requirement","requirementId":"FR"},"labels":["Requirement"]}
{"start":{"id":"com.telelogic.rhapsody.core.RPObjectModelDiagram@a10bdf25"},"end":{"id":"com.telelogic.rhapsody.core.RPRequirement@4049944d"},"id":"","label":"CONTAINS_REQ","type":"relationship","properties":{"type":"Requirement"}}
{"id":"com.telelogic.rhapsody.core.RPRequirement@ac3271b7","type":"node","properties":{"name":"Autonomous requirements","specification":"","description":"","genericType":"Requirement","type":"Requirement","requirementId":"21"},"labels":["Requirement"]}
{"start":{"id":"com.telelogic.rhapsody.core.RPObjectModelDiagram@a10bdf25"},"end":{"id":"com.telelogic.rhapsody.core.RPRequirement@ac3271b7"},"id":"","label":"CONTAINS_REQ","type":"relationship","properties":{"type":"Requirement"}}
{"id":"com.telelogic.rhapsody.core.RPRequirement@428c167f","type":"node","properties":{"name":"Couple and Decouple trailer","specification":"The system shall enable the DCT to autonomously couple and decouple the trailer when parking\/docking.","description":"","genericType":"Requirement","type":"Requirement","requirementId":"211"},"labels":["Requirement"]}
{"start":{"id":"com.telelogic.rhapsody.core.RPObjectModelDiagram@a10bdf25"},"end":{"id":"com.telelogic.rhapsody.core.RPRequirement@428c167f"},"id":"","label":"CONTAINS_REQ","type":"relationship","properties":{"type":"Requirement"}}
{"id":"com.telelogic.rhapsody.core.RPRequirement@2103bf78","type":"node","properties":{"name":"Enable DCT to drive","specification":"The system shall enable the DCT to drive autonomously.","description":"","genericType":"Requirement","type":"Requirement","requirementId":"212"},"labels":["Requirement"]}
{"start":{"id":"com.telelogic.rhapsody.core.RPObjectModelDiagram@a10bdf25"},"end":{"id":"com.telelogic.rhapsody.core.RPRequirement@2103bf78"},"id":"","label":"CONTAINS_REQ","type":"relationship","properties":{"type":"Requirement"}}
{"id":"com.telelogic.rhapsody.core.RPRequirement@736a8d2","type":"node","properties":{"name":"Monitor couple and decouple","specification":"The system shall be able to monitor if the DCT is coupled or decoupled.","description":"","genericType":"Requirement","type":"Requirement","requirementId":"213"},"labels":["Requirement"]}
{"start":{"id":"com.telelogic.rhapsody.core.RPObjectModelDiagram@a10bdf25"},"end":{"id":"com.telelogic.rhapsody.core.RPRequirement@736a8d2"},"id":"","label":"CONTAINS_REQ","type":"relationship","properties":{"type":"Requirement"}}
{"id":"com.telelogic.rhapsody.core.RPRequirement@32e68f8c","type":"node","properties":{"name":"Reverse park","specification":"The system shall enable the DCT to reverse park into the LD.","description":"","genericType":"Requirement","type":"Requirement","requirementId":"214"},"labels":["Requirement"]}
{"start":{"id":"com.telelogic.rhapsody.core.RPObjectModelDiagram@a10bdf25"},"end":{"id":"com.telelogic.rhapsody.core.RPRequirement@32e68f8c"},"id":"","label":"CONTAINS_REQ","type":"relationship","properties":{"type":"Requirement"}}
{"id":"com.telelogic.rhapsody.core.RPRequirement@251636cb","type":"node","properties":{"name":"Path planning","specification":"The system shall plan the path of the DCT and DCT-trailer combination.","description":"","genericType":"Requirement","type":"Requirement","requirementId":"25"},"labels":["Requirement"]}
{"start":{"id":"com.telelogic.rhapsody.core.RPObjectModelDiagram@a10bdf25"},"end":{"id":"com.telelogic.rhapsody.core.RPRequirement@251636cb"},"id":"","label":"CONTAINS_REQ","type":"relationship","properties":{"type":"Requirement"}}
{"id":"com.telelogic.rhapsody.core.RPRequirement@dab7b341","type":"node","properties":{"name":"DCT and trailer kinematics","specification":"The system shall incorporate the kinematics of the DCT and trailer in it's path planning.","description":"","genericType":"Requirement","type":"Requirement","requirementId":"251"},"labels":["Requirement"]}
{"start":{"id":"com.telelogic.rhapsody.core.RPObjectModelDiagram@a10bdf25"},"end":{"id":"com.telelogic.rhapsody.core.RPRequirement@dab7b341"},"id":"","label":"CONTAINS_REQ","type":"relationship","properties":{"type":"Requirement"}}
{"id":"com.telelogic.rhapsody.core.RPRequirement@1a003c4c","type":"node","properties":{"name":"Detect truck position","specification":"The system shall detect the position of the DCT at all times.\r\n","description":"","genericType":"Requirement","type":"Requirement","requirementId":"252"},"labels":["Requirement"]}
{"start":{"id":"com.telelogic.rhapsody.core.RPObjectModelDiagram@a10bdf25"},"end":{"id":"com.telelogic.rhapsody.core.RPRequirement@1a003c4c"},"id":"","label":"CONTAINS_REQ","type":"relationship","properties":{"type":"Requirement"}}
{"id":"com.telelogic.rhapsody.core.RPRequirement@df4f2f6b","type":"node","properties":{"name":"Operate multiple DCTs","specification":"The system shall be able to operate at least two DCTs simultaneously.","description":"","genericType":"Requirement","type":"Requirement","requirementId":"24"},"labels":["Requirement"]}
{"start":{"id":"com.telelogic.rhapsody.core.RPObjectModelDiagram@a10bdf25"},"end":{"id":"com.telelogic.rhapsody.core.RPRequirement@df4f2f6b"},"id":"","label":"CONTAINS_REQ","type":"relationship","properties":{"type":"Requirement"}}
{"id":"com.telelogic.rhapsody.core.RPRequirement@401948a9","type":"node","properties":{"name":"GUI","specification":"The system shall have a GUI to display information to be operated by employees of the DC","description":"","genericType":"Requirement","type":"Requirement","requirementId":"23"},"labels":["Requirement"]}
{"start":{"id":"com.telelogic.rhapsody.core.RPObjectModelDiagram@a10bdf25"},"end":{"id":"com.telelogic.rhapsody.core.RPRequirement@401948a9"},"id":"","label":"CONTAINS_REQ","type":"relationship","properties":{"type":"Requirement"}}
{"id":"com.telelogic.rhapsody.core.RPRequirement@794918d9","type":"node","properties":{"name":"Display active DCT","specification":"TU\/elsa shall display on its GUI which DCT is being operated.","description":"","genericType":"Requirement","type":"Requirement","requirementId":"231"},"labels":["Requirement"]}
{"start":{"id":"com.telelogic.rhapsody.core.RPObjectModelDiagram@a10bdf25"},"end":{"id":"com.telelogic.rhapsody.core.RPRequirement@794918d9"},"id":"","label":"CONTAINS_REQ","type":"relationship","properties":{"type":"Requirement"}}
{"id":"com.telelogic.rhapsody.core.RPRequirement@33928f57","type":"node","properties":{"name":"Display drive mode","specification":"The system shall have a GUI that displays the current drive mode of the DCT (Autonomous or manual).","description":"","genericType":"Requirement","type":"Requirement","requirementId":"232"},"labels":["Requirement"]}
{"start":{"id":"com.telelogic.rhapsody.core.RPObjectModelDiagram@a10bdf25"},"end":{"id":"com.telelogic.rhapsody.core.RPRequirement@33928f57"},"id":"","label":"CONTAINS_REQ","type":"relationship","properties":{"type":"Requirement"}}
{"id":"com.telelogic.rhapsody.core.RPRequirement@6a065bac","type":"node","properties":{"name":"Display trailer couple or decouple","specification":"The system shall display the coupled or decoupled DCT on the GUI.","description":"","genericType":"Requirement","type":"Requirement","requirementId":"233"},"labels":["Requirement"]}
{"start":{"id":"com.telelogic.rhapsody.core.RPObjectModelDiagram@a10bdf25"},"end":{"id":"com.telelogic.rhapsody.core.RPRequirement@6a065bac"},"id":"","label":"CONTAINS_REQ","type":"relationship","properties":{"type":"Requirement"}}
{"id":"com.telelogic.rhapsody.core.RPRequirement@c647c40","type":"node","properties":{"name":"Communication requirements","specification":"The system shall communicate with all other DCTs operating on the DC.","description":"","genericType":"Requirement","type":"Requirement","requirementId":"22"},"labels":["Requirement"]}
{"start":{"id":"com.telelogic.rhapsody.core.RPObjectModelDiagram@a10bdf25"},"end":{"id":"com.telelogic.rhapsody.core.RPRequirement@c647c40"},"id":"","label":"CONTAINS_REQ","type":"relationship","properties":{"type":"Requirement"}}
{"id":"com.telelogic.rhapsody.core.RPRequirement@6ed6933d","type":"node","properties":{"name":"Trailer notification","specification":"The system shall notify the DCT of the trailer at a specific LD, should be parked at a specific PB.","description":"","genericType":"Requirement","type":"Requirement","requirementId":"221"},"labels":["Requirement"]}
{"start":{"id":"com.telelogic.rhapsody.core.RPObjectModelDiagram@a10bdf25"},"end":{"id":"com.telelogic.rhapsody.core.RPRequirement@6ed6933d"},"id":"","label":"CONTAINS_REQ","type":"relationship","properties":{"type":"Requirement"}}
