{"id":"com.telelogic.rhapsody.core.RPObjectModelDiagram@d16b3086","type":"node","properties":{"ownerType":"Package","ownerName":"TUesla","name":"UCAssociations","description":"","genericType":"ObjectModelDiagram","type":"Block Definition Diagram","ownerIdentifier":"com.telelogic.rhapsody.core.RPPackage@bc76a5f7"},"labels":["BDDDiagram"]}
{"start":{"id":"com.telelogic.rhapsody.core.RPPackage@bc76a5f7"},"end":{"id":"com.telelogic.rhapsody.core.RPObjectModelDiagram@d16b3086"},"id":"","label":"CONTAINS_DIAGRAM","type":"relationship","properties":{"type":"Block Definition Diagram"}}
