{"id":"com.telelogic.rhapsody.core.RPObjectModelDiagram@48386135","type":"node","properties":{"ownerType":"Package","ownerName":"NonFunctionalReqPkg","name":"NonFunctionalReqDiagram","description":"","genericType":"ObjectModelDiagram","type":"Requirements Diagram","ownerIdentifier":"com.telelogic.rhapsody.core.RPPackage@2b7d081"},"labels":["RequirementDiagram"]}
{"start":{"id":"com.telelogic.rhapsody.core.RPPackage@2b7d081"},"end":{"id":"com.telelogic.rhapsody.core.RPObjectModelDiagram@48386135"},"id":"","label":"CONTAINS_DIAGRAM","type":"relationship","properties":{"type":"Requirements Diagram"}}
{"id":"com.telelogic.rhapsody.core.RPRequirement@53e5554d","type":"node","properties":{"name":"Non Functional Requirements","specification":"","description":"","genericType":"Requirement","type":"Requirement","requirementId":""},"labels":["Requirement"]}
{"start":{"id":"com.telelogic.rhapsody.core.RPObjectModelDiagram@48386135"},"end":{"id":"com.telelogic.rhapsody.core.RPRequirement@53e5554d"},"id":"","label":"CONTAINS_REQ","type":"relationship","properties":{"type":"Requirement"}}
{"id":"com.telelogic.rhapsody.core.RPRequirement@2c64a83c","type":"node","properties":{"name":"Battery SOC","specification":"The system shall detect the DCT�s state of charge (SOC) of the battery.","description":"","genericType":"Requirement","type":"Requirement","requirementId":"31"},"labels":["Requirement"]}
{"start":{"id":"com.telelogic.rhapsody.core.RPObjectModelDiagram@48386135"},"end":{"id":"com.telelogic.rhapsody.core.RPRequirement@2c64a83c"},"id":"","label":"CONTAINS_REQ","type":"relationship","properties":{"type":"Requirement"}}
{"id":"com.telelogic.rhapsody.core.RPRequirement@64bff513","type":"node","properties":{"name":"Disengage autonomous mode","specification":"The system shall allow a user at the DC to disengage autonomous mode and take control over the DCT.","description":"","genericType":"Requirement","type":"Requirement","requirementId":"32"},"labels":["Requirement"]}
{"start":{"id":"com.telelogic.rhapsody.core.RPObjectModelDiagram@48386135"},"end":{"id":"com.telelogic.rhapsody.core.RPRequirement@64bff513"},"id":"","label":"CONTAINS_REQ","type":"relationship","properties":{"type":"Requirement"}}
{"id":"com.telelogic.rhapsody.core.RPRequirement@9b68cc8e","type":"node","properties":{"name":"Obstacles","specification":"The system shall be detect and control the DCT to avoid obstacles.","description":"","genericType":"Requirement","type":"Requirement","requirementId":"33"},"labels":["Requirement"]}
{"start":{"id":"com.telelogic.rhapsody.core.RPObjectModelDiagram@48386135"},"end":{"id":"com.telelogic.rhapsody.core.RPRequirement@9b68cc8e"},"id":"","label":"CONTAINS_REQ","type":"relationship","properties":{"type":"Requirement"}}
{"id":"com.telelogic.rhapsody.core.RPRequirement@3d353830","type":"node","properties":{"name":"Weather conditions","specification":"The system shall function in all weather conditions.","description":"","genericType":"Requirement","type":"Requirement","requirementId":"34"},"labels":["Requirement"]}
{"start":{"id":"com.telelogic.rhapsody.core.RPObjectModelDiagram@48386135"},"end":{"id":"com.telelogic.rhapsody.core.RPRequirement@3d353830"},"id":"","label":"CONTAINS_REQ","type":"relationship","properties":{"type":"Requirement"}}
{"id":"com.telelogic.rhapsody.core.RPRequirement@4b31ce25","type":"node","properties":{"name":"DCT to charging port","specification":"The system shall send the DCT to its charging area (CA) as soon as it is decoupled, when the SOC is below a threshold.","description":"","genericType":"Requirement","type":"Requirement","requirementId":"311"},"labels":["Requirement"]}
{"start":{"id":"com.telelogic.rhapsody.core.RPObjectModelDiagram@48386135"},"end":{"id":"com.telelogic.rhapsody.core.RPRequirement@4b31ce25"},"id":"","label":"CONTAINS_REQ","type":"relationship","properties":{"type":"Requirement"}}
{"id":"com.telelogic.rhapsody.core.RPRequirement@12083fb8","type":"node","properties":{"name":"Crash","specification":"The system shall disengage autonomous driving in case of a crash.","description":"","genericType":"Requirement","type":"Requirement","requirementId":"321"},"labels":["Requirement"]}
{"start":{"id":"com.telelogic.rhapsody.core.RPObjectModelDiagram@48386135"},"end":{"id":"com.telelogic.rhapsody.core.RPRequirement@12083fb8"},"id":"","label":"CONTAINS_REQ","type":"relationship","properties":{"type":"Requirement"}}
{"id":"com.telelogic.rhapsody.core.RPRequirement@b2080e70","type":"node","properties":{"name":"Maintenance","specification":"The system shall hand over control of the DCT to mechanics during maintenance.","description":"","genericType":"Requirement","type":"Requirement","requirementId":"322"},"labels":["Requirement"]}
{"start":{"id":"com.telelogic.rhapsody.core.RPObjectModelDiagram@48386135"},"end":{"id":"com.telelogic.rhapsody.core.RPRequirement@b2080e70"},"id":"","label":"CONTAINS_REQ","type":"relationship","properties":{"type":"Requirement"}}
{"id":"com.telelogic.rhapsody.core.RPRequirement@15deec2c","type":"node","properties":{"name":"Manual driving accessibility","specification":"The system shall ","description":"","genericType":"Requirement","type":"Requirement","requirementId":"323"},"labels":["Requirement"]}
{"start":{"id":"com.telelogic.rhapsody.core.RPObjectModelDiagram@48386135"},"end":{"id":"com.telelogic.rhapsody.core.RPRequirement@15deec2c"},"id":"","label":"CONTAINS_REQ","type":"relationship","properties":{"type":"Requirement"}}
{"id":"com.telelogic.rhapsody.core.RPRequirement@7640c5ff","type":"node","properties":{"name":"Avoid wheel slip","specification":"The system should enable the DCT to avoid wheel slip when the road is wet.","description":"","genericType":"Requirement","type":"Requirement","requirementId":"341"},"labels":["Requirement"]}
{"start":{"id":"com.telelogic.rhapsody.core.RPObjectModelDiagram@48386135"},"end":{"id":"com.telelogic.rhapsody.core.RPRequirement@7640c5ff"},"id":"","label":"CONTAINS_REQ","type":"relationship","properties":{"type":"Requirement"}}
{"id":"com.telelogic.rhapsody.core.RPRequirement@e3dba575","type":"node","properties":{"name":"Alert DCT","specification":"The system shall alert the DCT visually with the hlp of the DCT's GUI.","description":"","genericType":"Requirement","type":"Requirement","requirementId":"331"},"labels":["Requirement"]}
{"start":{"id":"com.telelogic.rhapsody.core.RPObjectModelDiagram@48386135"},"end":{"id":"com.telelogic.rhapsody.core.RPRequirement@e3dba575"},"id":"","label":"CONTAINS_REQ","type":"relationship","properties":{"type":"Requirement"}}
{"id":"com.telelogic.rhapsody.core.RPRequirement@4b111027","type":"node","properties":{"name":"Detect obstables","specification":"The system shall detect obstacles using the localization system installed in the DC\r\n","description":"","genericType":"Requirement","type":"Requirement","requirementId":"332"},"labels":["Requirement"]}
{"start":{"id":"com.telelogic.rhapsody.core.RPObjectModelDiagram@48386135"},"end":{"id":"com.telelogic.rhapsody.core.RPRequirement@4b111027"},"id":"","label":"CONTAINS_REQ","type":"relationship","properties":{"type":"Requirement"}}
{"id":"com.telelogic.rhapsody.core.RPRequirement@dded8e32","type":"node","properties":{"name":"Display obstacle detection","specification":"The system shall display the detection of obstacles on it's GUI by means of pulsating red light.","description":"","genericType":"Requirement","type":"Requirement","requirementId":"333"},"labels":["Requirement"]}
{"start":{"id":"com.telelogic.rhapsody.core.RPObjectModelDiagram@48386135"},"end":{"id":"com.telelogic.rhapsody.core.RPRequirement@dded8e32"},"id":"","label":"CONTAINS_REQ","type":"relationship","properties":{"type":"Requirement"}}
{"id":"com.telelogic.rhapsody.core.RPRequirement@2597a587","type":"node","properties":{"name":"Recalculate a new path","specification":"The system shall recalculate a new path while maintaining the end point and kinematics of the DCT","description":"","genericType":"Requirement","type":"Requirement","requirementId":"334"},"labels":["Requirement"]}
{"start":{"id":"com.telelogic.rhapsody.core.RPObjectModelDiagram@48386135"},"end":{"id":"com.telelogic.rhapsody.core.RPRequirement@2597a587"},"id":"","label":"CONTAINS_REQ","type":"relationship","properties":{"type":"Requirement"}}
{"id":"com.telelogic.rhapsody.core.RPRequirement@26fce867","type":"node","properties":{"name":"Stop the DCT","specification":"The system shall enable the DCT to brake to a halt","description":"","genericType":"Requirement","type":"Requirement","requirementId":"335"},"labels":["Requirement"]}
{"start":{"id":"com.telelogic.rhapsody.core.RPObjectModelDiagram@48386135"},"end":{"id":"com.telelogic.rhapsody.core.RPRequirement@26fce867"},"id":"","label":"CONTAINS_REQ","type":"relationship","properties":{"type":"Requirement"}}
{"id":"com.telelogic.rhapsody.core.RPRequirement@d32a7cf0","type":"node","properties":{"name":"Localization system","specification":"","description":"","genericType":"Requirement","type":"Requirement","requirementId":"35"},"labels":["Requirement"]}
{"start":{"id":"com.telelogic.rhapsody.core.RPObjectModelDiagram@48386135"},"end":{"id":"com.telelogic.rhapsody.core.RPRequirement@d32a7cf0"},"id":"","label":"CONTAINS_REQ","type":"relationship","properties":{"type":"Requirement"}}
{"id":"com.telelogic.rhapsody.core.RPRequirement@95b4e826","type":"node","properties":{"name":"Lidar","specification":"The overhead localization system shall be equipped with a lidar to improve the resolution of the measured signal and as a backup measurement system.","description":"","genericType":"Requirement","type":"Requirement","requirementId":"354"},"labels":["Requirement"]}
{"start":{"id":"com.telelogic.rhapsody.core.RPObjectModelDiagram@48386135"},"end":{"id":"com.telelogic.rhapsody.core.RPRequirement@95b4e826"},"id":"","label":"CONTAINS_REQ","type":"relationship","properties":{"type":"Requirement"}}
{"id":"com.telelogic.rhapsody.core.RPRequirement@e440f33b","type":"node","properties":{"name":"Matainance of ArUco markers","specification":"The ArUco markers shall be maintained properly to ensure the detection of the DCT by the localization system.","description":"","genericType":"Requirement","type":"Requirement","requirementId":"352"},"labels":["Requirement"]}
{"start":{"id":"com.telelogic.rhapsody.core.RPObjectModelDiagram@48386135"},"end":{"id":"com.telelogic.rhapsody.core.RPRequirement@e440f33b"},"id":"","label":"CONTAINS_REQ","type":"relationship","properties":{"type":"Requirement"}}
{"id":"com.telelogic.rhapsody.core.RPRequirement@e0827802","type":"node","properties":{"name":"Radar","specification":"The overhead localization system shall be equipped with radars to detect objects.","description":"","genericType":"Requirement","type":"Requirement","requirementId":"355"},"labels":["Requirement"]}
{"start":{"id":"com.telelogic.rhapsody.core.RPObjectModelDiagram@48386135"},"end":{"id":"com.telelogic.rhapsody.core.RPRequirement@e0827802"},"id":"","label":"CONTAINS_REQ","type":"relationship","properties":{"type":"Requirement"}}
{"id":"com.telelogic.rhapsody.core.RPRequirement@310fbef","type":"node","properties":{"name":"Reference ArUco markers","specification":"The reference ArUco markers shall always be visible to ensure the correct positioning of the reference coordinate system.","description":"","genericType":"Requirement","type":"Requirement","requirementId":"353"},"labels":["Requirement"]}
{"start":{"id":"com.telelogic.rhapsody.core.RPObjectModelDiagram@48386135"},"end":{"id":"com.telelogic.rhapsody.core.RPRequirement@310fbef"},"id":"","label":"CONTAINS_REQ","type":"relationship","properties":{"type":"Requirement"}}
{"id":"com.telelogic.rhapsody.core.RPRequirement@cec931ce","type":"node","properties":{"name":"Visible ArUco markers","specification":"The DCT shall be equipped with clearly visible ArUco markers so that it is easily recognized by the overhead localization system.","description":"","genericType":"Requirement","type":"Requirement","requirementId":"351"},"labels":["Requirement"]}
{"start":{"id":"com.telelogic.rhapsody.core.RPObjectModelDiagram@48386135"},"end":{"id":"com.telelogic.rhapsody.core.RPRequirement@cec931ce"},"id":"","label":"CONTAINS_REQ","type":"relationship","properties":{"type":"Requirement"}}
{"id":"com.telelogic.rhapsody.core.RPRequirement@2c70a30","type":"node","properties":{"name":"Reliable detection on foggy and rainy days","specification":"The DCT shall be equipped with radars to ensure reliable detection under any weather condition, especially on foggy and rainy days. ","description":"","genericType":"Requirement","type":"Requirement","requirementId":"342"},"labels":["Requirement"]}
{"start":{"id":"com.telelogic.rhapsody.core.RPObjectModelDiagram@48386135"},"end":{"id":"com.telelogic.rhapsody.core.RPRequirement@2c70a30"},"id":"","label":"CONTAINS_REQ","type":"relationship","properties":{"type":"Requirement"}}
{"id":"com.telelogic.rhapsody.core.RPRequirement@7b5d8e5c","type":"node","properties":{"name":"Cameras or radars on DCT","specification":"The DCT shall be equipped with cameras or radars to help detect other objects by itself in case there are some problems in communication system.","description":"","genericType":"Requirement","type":"Requirement","requirementId":"336"},"labels":["Requirement"]}
{"start":{"id":"com.telelogic.rhapsody.core.RPObjectModelDiagram@48386135"},"end":{"id":"com.telelogic.rhapsody.core.RPRequirement@7b5d8e5c"},"id":"","label":"CONTAINS_REQ","type":"relationship","properties":{"type":"Requirement"}}
{"id":"com.telelogic.rhapsody.core.RPRequirement@2abdaffa","type":"node","properties":{"name":"Object detection system","specification":"The object detection system shall determine the type of objects very quickly so that DCT can have enough time to take corresponding actions.","description":"","genericType":"Requirement","type":"Requirement","requirementId":"337 "},"labels":["Requirement"]}
{"start":{"id":"com.telelogic.rhapsody.core.RPObjectModelDiagram@48386135"},"end":{"id":"com.telelogic.rhapsody.core.RPRequirement@2abdaffa"},"id":"","label":"CONTAINS_REQ","type":"relationship","properties":{"type":"Requirement"}}
{"id":"com.telelogic.rhapsody.core.RPRequirement@1ea2e652","type":"node","properties":{"name":"Brake system","specification":"","description":"","genericType":"Requirement","type":"Requirement","requirementId":"36"},"labels":["Requirement"]}
{"start":{"id":"com.telelogic.rhapsody.core.RPObjectModelDiagram@48386135"},"end":{"id":"com.telelogic.rhapsody.core.RPRequirement@1ea2e652"},"id":"","label":"CONTAINS_REQ","type":"relationship","properties":{"type":"Requirement"}}
{"id":"com.telelogic.rhapsody.core.RPRequirement@cc9dbe0a","type":"node","properties":{"name":"An additional wheel to brake the DCT","specification":"The DCT shall be equipped with an additional wheel which is deployed in case of a brake failure and slows down the vehicle by means of friction.","description":"","genericType":"Requirement","type":"Requirement","requirementId":"365"},"labels":["Requirement"]}
{"start":{"id":"com.telelogic.rhapsody.core.RPObjectModelDiagram@48386135"},"end":{"id":"com.telelogic.rhapsody.core.RPRequirement@cc9dbe0a"},"id":"","label":"CONTAINS_REQ","type":"relationship","properties":{"type":"Requirement"}}
{"id":"com.telelogic.rhapsody.core.RPRequirement@d08539f6","type":"node","properties":{"name":"Brake sensor","specification":"The DCT shall have a sensor which monitors the width of the brake claws of the brakes that warns the user in case these become too thin.","description":"","genericType":"Requirement","type":"Requirement","requirementId":"361"},"labels":["Requirement"]}
{"start":{"id":"com.telelogic.rhapsody.core.RPObjectModelDiagram@48386135"},"end":{"id":"com.telelogic.rhapsody.core.RPRequirement@d08539f6"},"id":"","label":"CONTAINS_REQ","type":"relationship","properties":{"type":"Requirement"}}
{"id":"com.telelogic.rhapsody.core.RPRequirement@639825d7","type":"node","properties":{"name":"Brake the DCT","specification":"The DCT shall brake its other wheels in case one of the brakes fails.","description":"","genericType":"Requirement","type":"Requirement","requirementId":"364"},"labels":["Requirement"]}
{"start":{"id":"com.telelogic.rhapsody.core.RPObjectModelDiagram@48386135"},"end":{"id":"com.telelogic.rhapsody.core.RPRequirement@639825d7"},"id":"","label":"CONTAINS_REQ","type":"relationship","properties":{"type":"Requirement"}}
{"id":"com.telelogic.rhapsody.core.RPRequirement@8d85b0b","type":"node","properties":{"name":"Hydraulic pressure sensor","specification":"The DCT shall have a sensor to monitor the hydraulic pressure in the brake pipes that warns the user that the braking system cannot work properly.  ","description":"","genericType":"Requirement","type":"Requirement","requirementId":"363"},"labels":["Requirement"]}
{"start":{"id":"com.telelogic.rhapsody.core.RPObjectModelDiagram@48386135"},"end":{"id":"com.telelogic.rhapsody.core.RPRequirement@8d85b0b"},"id":"","label":"CONTAINS_REQ","type":"relationship","properties":{"type":"Requirement"}}
{"id":"com.telelogic.rhapsody.core.RPRequirement@d4f8cffc","type":"node","properties":{"name":"Temperature sensor","specification":"The DCT shall have a sensor to monitor the temperature of the brake disc that warns the user if the brakes get too hot.\r\n","description":"","genericType":"Requirement","type":"Requirement","requirementId":"362"},"labels":["Requirement"]}
{"start":{"id":"com.telelogic.rhapsody.core.RPObjectModelDiagram@48386135"},"end":{"id":"com.telelogic.rhapsody.core.RPRequirement@d4f8cffc"},"id":"","label":"CONTAINS_REQ","type":"relationship","properties":{"type":"Requirement"}}
