{"id":"com.telelogic.rhapsody.core.RPStatechart@5f44ff47","type":"node","properties":{"ownerType":"Block","ownerName":"UC_Charging","name":"Charging","description":"","genericType":"Statechart","type":"Statechart","ownerIdentifier":"com.telelogic.rhapsody.core.RPClass@4dfd4ff0"},"labels":["StateMachineDiagram"]}
{"start":{"id":"com.telelogic.rhapsody.core.RPClass@4dfd4ff0"},"end":{"id":"com.telelogic.rhapsody.core.RPStatechart@5f44ff47"},"id":"","label":"CONTAINS_DIAGRAM","type":"relationship","properties":{"type":"state machine"}}
{"id":"com.telelogic.rhapsody.core.RPState@149ea4dd","type":"node","properties":{"name":"ROOT","genericType":"State","type":"State"},"labels":["Block"]}
{"start":{"id":"com.telelogic.rhapsody.core.RPStatechart@5f44ff47"},"end":{"id":"com.telelogic.rhapsody.core.RPState@149ea4dd"},"id":"","label":"CONTAINS","type":"relationship","properties":{"type":"State"}}
{"id":"com.telelogic.rhapsody.core.RPState@1f3e0081","type":"node","properties":{"name":"DCT2ChargingPad","genericType":"State","type":"State"},"labels":["Block"]}
{"start":{"id":"com.telelogic.rhapsody.core.RPStatechart@5f44ff47"},"end":{"id":"com.telelogic.rhapsody.core.RPState@1f3e0081"},"id":"","label":"CONTAINS","type":"relationship","properties":{"type":"State"}}
{"id":"com.telelogic.rhapsody.core.RPState@e79db3e7","type":"node","properties":{"name":"DCTCharging","genericType":"State","type":"State"},"labels":["Block"]}
{"start":{"id":"com.telelogic.rhapsody.core.RPStatechart@5f44ff47"},"end":{"id":"com.telelogic.rhapsody.core.RPState@e79db3e7"},"id":"","label":"CONTAINS","type":"relationship","properties":{"type":"State"}}
{"id":"com.telelogic.rhapsody.core.RPState@ce082a27","type":"node","properties":{"name":"DCTcharged","genericType":"State","type":"State"},"labels":["Block"]}
{"start":{"id":"com.telelogic.rhapsody.core.RPStatechart@5f44ff47"},"end":{"id":"com.telelogic.rhapsody.core.RPState@ce082a27"},"id":"","label":"CONTAINS","type":"relationship","properties":{"type":"State"}}
{"start":{"id":"com.telelogic.rhapsody.core.RPState@149ea4dd"},"end":{"id":"com.telelogic.rhapsody.core.RPState@1f3e0081"},"id":"","label":"HAS_TRANSITION_WITH","type":"relationship","properties":{"guard":"","name":"0","action":"","type":"DefaultTransition"}}
{"start":{"id":"com.telelogic.rhapsody.core.RPState@1f3e0081"},"end":{"id":"com.telelogic.rhapsody.core.RPState@e79db3e7"},"id":"","label":"HAS_TRANSITION_WITH","type":"relationship","properties":{"guard":"engageCharging","name":"1","action":"","type":"Transition"}}
{"start":{"id":"com.telelogic.rhapsody.core.RPState@e79db3e7"},"end":{"id":"com.telelogic.rhapsody.core.RPState@ce082a27"},"id":"","label":"HAS_TRANSITION_WITH","type":"relationship","properties":{"guard":"batterySOC>90 || engageCharging==false","name":"2","action":"","type":"Transition"}}
{"start":{"id":"com.telelogic.rhapsody.core.RPState@e79db3e7"},"end":{"id":"com.telelogic.rhapsody.core.RPState@e79db3e7"},"id":"","label":"HAS_TRANSITION_WITH","type":"relationship","properties":{"guard":"","name":"3","action":"","type":"Transition"}}
{"start":{"id":"com.telelogic.rhapsody.core.RPState@ce082a27"},"end":{"id":"com.telelogic.rhapsody.core.RPState@1f3e0081"},"id":"","label":"HAS_TRANSITION_WITH","type":"relationship","properties":{"guard":"","name":"4","action":"","type":"Transition"}}
{"start":{"id":"com.telelogic.rhapsody.core.RPState@1f3e0081"},"end":{"id":"com.telelogic.rhapsody.core.RPState@1f3e0081"},"id":"","label":"HAS_TRANSITION_WITH","type":"relationship","properties":{"guard":"","name":"5","action":"","type":"Transition"}}
