{"id":"com.telelogic.rhapsody.core.RPStatechart@11a6e9c4","type":"node","properties":{"ownerType":"Block","ownerName":"UC_Coupling","name":"Coupling","description":"","genericType":"Statechart","type":"Statechart","ownerIdentifier":"com.telelogic.rhapsody.core.RPClass@efb3794c"},"labels":["StateMachineDiagram"]}
{"start":{"id":"com.telelogic.rhapsody.core.RPClass@efb3794c"},"end":{"id":"com.telelogic.rhapsody.core.RPStatechart@11a6e9c4"},"id":"","label":"CONTAINS_DIAGRAM","type":"relationship","properties":{"type":"state machine"}}
{"id":"com.telelogic.rhapsody.core.RPState@36e2d8d","type":"node","properties":{"name":"ROOT","genericType":"State","type":"State"},"labels":["Block"]}
{"start":{"id":"com.telelogic.rhapsody.core.RPStatechart@11a6e9c4"},"end":{"id":"com.telelogic.rhapsody.core.RPState@36e2d8d"},"id":"","label":"CONTAINS","type":"relationship","properties":{"type":"State"}}
{"id":"com.telelogic.rhapsody.core.RPState@90baf586","type":"node","properties":{"name":"Uncoupled","genericType":"State","type":"State"},"labels":["Block"]}
{"start":{"id":"com.telelogic.rhapsody.core.RPStatechart@11a6e9c4"},"end":{"id":"com.telelogic.rhapsody.core.RPState@90baf586"},"id":"","label":"CONTAINS","type":"relationship","properties":{"type":"State"}}
{"id":"com.telelogic.rhapsody.core.RPState@b31f8ab6","type":"node","properties":{"name":"Coupled","genericType":"State","type":"State"},"labels":["Block"]}
{"start":{"id":"com.telelogic.rhapsody.core.RPStatechart@11a6e9c4"},"end":{"id":"com.telelogic.rhapsody.core.RPState@b31f8ab6"},"id":"","label":"CONTAINS","type":"relationship","properties":{"type":"State"}}
{"id":"com.telelogic.rhapsody.core.RPState@5d971fd3","type":"node","properties":{"name":"sendaction_4","genericType":"State","type":"State"},"labels":["Block"]}
{"start":{"id":"com.telelogic.rhapsody.core.RPStatechart@11a6e9c4"},"end":{"id":"com.telelogic.rhapsody.core.RPState@5d971fd3"},"id":"","label":"CONTAINS","type":"relationship","properties":{"type":"State"}}
{"id":"com.telelogic.rhapsody.core.RPState@4808f8e6","type":"node","properties":{"name":"sendaction_9","genericType":"State","type":"State"},"labels":["Block"]}
{"start":{"id":"com.telelogic.rhapsody.core.RPStatechart@11a6e9c4"},"end":{"id":"com.telelogic.rhapsody.core.RPState@4808f8e6"},"id":"","label":"CONTAINS","type":"relationship","properties":{"type":"State"}}
{"id":"com.telelogic.rhapsody.core.RPState@928c3bea","type":"node","properties":{"name":"sendaction_11","genericType":"State","type":"State"},"labels":["Block"]}
{"start":{"id":"com.telelogic.rhapsody.core.RPStatechart@11a6e9c4"},"end":{"id":"com.telelogic.rhapsody.core.RPState@928c3bea"},"id":"","label":"CONTAINS","type":"relationship","properties":{"type":"State"}}
{"id":"com.telelogic.rhapsody.core.RPState@48668062","type":"node","properties":{"name":"sendaction_12","genericType":"State","type":"State"},"labels":["Block"]}
{"start":{"id":"com.telelogic.rhapsody.core.RPStatechart@11a6e9c4"},"end":{"id":"com.telelogic.rhapsody.core.RPState@48668062"},"id":"","label":"CONTAINS","type":"relationship","properties":{"type":"State"}}
{"id":"com.telelogic.rhapsody.core.RPState@104c8bde","type":"node","properties":{"name":"TP","genericType":"State","type":"State"},"labels":["Block"]}
{"start":{"id":"com.telelogic.rhapsody.core.RPStatechart@11a6e9c4"},"end":{"id":"com.telelogic.rhapsody.core.RPState@104c8bde"},"id":"","label":"CONTAINS","type":"relationship","properties":{"type":"State"}}
{"start":{"id":"com.telelogic.rhapsody.core.RPState@36e2d8d"},"end":{"id":"com.telelogic.rhapsody.core.RPState@90baf586"},"id":"","label":"HAS_TRANSITION_WITH","type":"relationship","properties":{"guard":"","name":"0","action":"","type":"DefaultTransition"}}
{"start":{"id":"com.telelogic.rhapsody.core.RPConnector@f6b99686"},"end":{"id":"com.telelogic.rhapsody.core.RPState@4808f8e6"},"id":"","label":"HAS_TRANSITION_WITH","type":"relationship","properties":{"guard":"pb2LD","name":"1","action":"","type":"Transition"}}
{"start":{"id":"com.telelogic.rhapsody.core.RPAcceptEventAction@72799f97"},"end":{"id":"com.telelogic.rhapsody.core.RPState@b31f8ab6"},"id":"","label":"HAS_TRANSITION_WITH","type":"relationship","properties":{"guard":"","name":"2","action":"","type":"Transition"}}
{"start":{"id":"com.telelogic.rhapsody.core.RPState@5d971fd3"},"end":{"id":"com.telelogic.rhapsody.core.RPState@104c8bde"},"id":"","label":"HAS_TRANSITION_WITH","type":"relationship","properties":{"guard":"","name":"3","action":"","type":"Transition"}}
{"start":{"id":"com.telelogic.rhapsody.core.RPAcceptEventAction@86e28577"},"end":{"id":"com.telelogic.rhapsody.core.RPState@90baf586"},"id":"","label":"HAS_TRANSITION_WITH","type":"relationship","properties":{"guard":"","name":"4","action":"setDockingStatus(true);","type":"Transition"}}
{"start":{"id":"com.telelogic.rhapsody.core.RPState@4808f8e6"},"end":{"id":"com.telelogic.rhapsody.core.RPAcceptEventAction@72799f97"},"id":"","label":"HAS_TRANSITION_WITH","type":"relationship","properties":{"guard":"","name":"5","action":"","type":"Transition"}}
{"start":{"id":"com.telelogic.rhapsody.core.RPConnector@f6b99686"},"end":{"id":"com.telelogic.rhapsody.core.RPState@928c3bea"},"id":"","label":"HAS_TRANSITION_WITH","type":"relationship","properties":{"guard":"else","name":"6","action":"","type":"Transition"}}
{"start":{"id":"com.telelogic.rhapsody.core.RPState@928c3bea"},"end":{"id":"com.telelogic.rhapsody.core.RPAcceptEventAction@72799f97"},"id":"","label":"HAS_TRANSITION_WITH","type":"relationship","properties":{"guard":"","name":"7","action":"","type":"Transition"}}
{"start":{"id":"com.telelogic.rhapsody.core.RPState@b31f8ab6"},"end":{"id":"com.telelogic.rhapsody.core.RPConnector@24982f18"},"id":"","label":"HAS_TRANSITION_WITH","type":"relationship","properties":{"guard":"","name":"8","action":"","type":"Transition"}}
{"start":{"id":"com.telelogic.rhapsody.core.RPState@48668062"},"end":{"id":"com.telelogic.rhapsody.core.RPAcceptEventAction@86e28577"},"id":"","label":"HAS_TRANSITION_WITH","type":"relationship","properties":{"guard":"","name":"9","action":"setDockingStatus(true);","type":"Transition"}}
{"start":{"id":"com.telelogic.rhapsody.core.RPConnector@24982f18"},"end":{"id":"com.telelogic.rhapsody.core.RPState@48668062"},"id":"","label":"HAS_TRANSITION_WITH","type":"relationship","properties":{"guard":"else","name":"10","action":"","type":"Transition"}}
{"start":{"id":"com.telelogic.rhapsody.core.RPConnector@24982f18"},"end":{"id":"com.telelogic.rhapsody.core.RPState@5d971fd3"},"id":"","label":"HAS_TRANSITION_WITH","type":"relationship","properties":{"guard":"pb2LD","name":"11","action":"","type":"Transition"}}
{"start":{"id":"com.telelogic.rhapsody.core.RPState@90baf586"},"end":{"id":"com.telelogic.rhapsody.core.RPConnector@f6b99686"},"id":"","label":"HAS_TRANSITION_WITH","type":"relationship","properties":{"guard":"","name":"12","action":"","type":"Transition"}}
{"start":{"id":"com.telelogic.rhapsody.core.RPState@104c8bde"},"end":{"id":"com.telelogic.rhapsody.core.RPAcceptEventAction@86e28577"},"id":"","label":"HAS_TRANSITION_WITH","type":"relationship","properties":{"guard":"","name":"13","action":"","type":"Transition"}}
