{"id":"com.telelogic.rhapsody.core.RPStatechart@6bd056e8","type":"node","properties":{"ownerType":"Block","ownerName":"UC_CompareSOC","name":"CompareSOC","description":"","genericType":"Statechart","type":"Statechart","ownerIdentifier":"com.telelogic.rhapsody.core.RPClass@7a798d42"},"labels":["StateMachineDiagram"]}
{"start":{"id":"com.telelogic.rhapsody.core.RPClass@7a798d42"},"end":{"id":"com.telelogic.rhapsody.core.RPStatechart@6bd056e8"},"id":"","label":"CONTAINS_DIAGRAM","type":"relationship","properties":{"type":"state machine"}}
{"id":"com.telelogic.rhapsody.core.RPState@eb8004ff","type":"node","properties":{"name":"ROOT","genericType":"State","type":"State"},"labels":["Block"]}
{"start":{"id":"com.telelogic.rhapsody.core.RPStatechart@6bd056e8"},"end":{"id":"com.telelogic.rhapsody.core.RPState@eb8004ff"},"id":"","label":"CONTAINS","type":"relationship","properties":{"type":"State"}}
{"id":"com.telelogic.rhapsody.core.RPState@d314f446","type":"node","properties":{"name":"CheckBatterySOC","genericType":"State","type":"State"},"labels":["Block"]}
{"start":{"id":"com.telelogic.rhapsody.core.RPStatechart@6bd056e8"},"end":{"id":"com.telelogic.rhapsody.core.RPState@d314f446"},"id":"","label":"CONTAINS","type":"relationship","properties":{"type":"State"}}
{"id":"com.telelogic.rhapsody.core.RPState@90101b68","type":"node","properties":{"name":"BatteryLow","genericType":"State","type":"State"},"labels":["Block"]}
{"start":{"id":"com.telelogic.rhapsody.core.RPStatechart@6bd056e8"},"end":{"id":"com.telelogic.rhapsody.core.RPState@90101b68"},"id":"","label":"CONTAINS","type":"relationship","properties":{"type":"State"}}
{"id":"com.telelogic.rhapsody.core.RPState@4fcb033b","type":"node","properties":{"name":"BatteryHigh","genericType":"State","type":"State"},"labels":["Block"]}
{"start":{"id":"com.telelogic.rhapsody.core.RPStatechart@6bd056e8"},"end":{"id":"com.telelogic.rhapsody.core.RPState@4fcb033b"},"id":"","label":"CONTAINS","type":"relationship","properties":{"type":"State"}}
{"id":"com.telelogic.rhapsody.core.RPState@c37e845c","type":"node","properties":{"name":"ChargingPadCoordinates","genericType":"State","type":"State"},"labels":["Block"]}
{"start":{"id":"com.telelogic.rhapsody.core.RPStatechart@6bd056e8"},"end":{"id":"com.telelogic.rhapsody.core.RPState@c37e845c"},"id":"","label":"CONTAINS","type":"relationship","properties":{"type":"State"}}
{"start":{"id":"com.telelogic.rhapsody.core.RPState@eb8004ff"},"end":{"id":"com.telelogic.rhapsody.core.RPState@d314f446"},"id":"","label":"HAS_TRANSITION_WITH","type":"relationship","properties":{"guard":"","name":"0","action":"","type":"DefaultTransition"}}
{"start":{"id":"com.telelogic.rhapsody.core.RPState@d314f446"},"end":{"id":"com.telelogic.rhapsody.core.RPConnector@fbbb158d"},"id":"","label":"HAS_TRANSITION_WITH","type":"relationship","properties":{"guard":"","name":"1","action":"","type":"Transition"}}
{"start":{"id":"com.telelogic.rhapsody.core.RPConnector@fbbb158d"},"end":{"id":"com.telelogic.rhapsody.core.RPState@90101b68"},"id":"","label":"HAS_TRANSITION_WITH","type":"relationship","properties":{"guard":"guardBattery && dct","name":"2","action":"","type":"Transition"}}
{"start":{"id":"com.telelogic.rhapsody.core.RPConnector@fbbb158d"},"end":{"id":"com.telelogic.rhapsody.core.RPState@4fcb033b"},"id":"","label":"HAS_TRANSITION_WITH","type":"relationship","properties":{"guard":"else","name":"3","action":"","type":"Transition"}}
{"start":{"id":"com.telelogic.rhapsody.core.RPState@4fcb033b"},"end":{"id":"com.telelogic.rhapsody.core.RPState@d314f446"},"id":"","label":"HAS_TRANSITION_WITH","type":"relationship","properties":{"guard":"","name":"4","action":"","type":"Transition"}}
{"start":{"id":"com.telelogic.rhapsody.core.RPState@90101b68"},"end":{"id":"com.telelogic.rhapsody.core.RPState@c37e845c"},"id":"","label":"HAS_TRANSITION_WITH","type":"relationship","properties":{"guard":"socBattery>90  || dct==false","name":"5","action":"","type":"Transition"}}
{"start":{"id":"com.telelogic.rhapsody.core.RPState@c37e845c"},"end":{"id":"com.telelogic.rhapsody.core.RPState@d314f446"},"id":"","label":"HAS_TRANSITION_WITH","type":"relationship","properties":{"guard":"","name":"6","action":"setGuardBattery(false);","type":"Transition"}}
{"start":{"id":"com.telelogic.rhapsody.core.RPState@d314f446"},"end":{"id":"com.telelogic.rhapsody.core.RPState@d314f446"},"id":"","label":"HAS_TRANSITION_WITH","type":"relationship","properties":{"guard":"","name":"7","action":"","type":"Transition"}}
{"start":{"id":"com.telelogic.rhapsody.core.RPState@90101b68"},"end":{"id":"com.telelogic.rhapsody.core.RPState@90101b68"},"id":"","label":"HAS_TRANSITION_WITH","type":"relationship","properties":{"guard":"","name":"8","action":"","type":"Transition"}}
