{"id":"com.telelogic.rhapsody.core.RPStatechart@884b7df0","type":"node","properties":{"ownerType":"Block","ownerName":"UC_Drive","name":"Drive","description":"","genericType":"Statechart","type":"Statechart","ownerIdentifier":"com.telelogic.rhapsody.core.RPClass@641b0b87"},"labels":["StateMachineDiagram"]}
{"start":{"id":"com.telelogic.rhapsody.core.RPClass@641b0b87"},"end":{"id":"com.telelogic.rhapsody.core.RPStatechart@884b7df0"},"id":"","label":"CONTAINS_DIAGRAM","type":"relationship","properties":{"type":"state machine"}}
{"id":"com.telelogic.rhapsody.core.RPState@76af0ef8","type":"node","properties":{"name":"ROOT","genericType":"State","type":"State"},"labels":["Block"]}
{"start":{"id":"com.telelogic.rhapsody.core.RPStatechart@884b7df0"},"end":{"id":"com.telelogic.rhapsody.core.RPState@76af0ef8"},"id":"","label":"CONTAINS","type":"relationship","properties":{"type":"State"}}
{"id":"com.telelogic.rhapsody.core.RPState@79da332f","type":"node","properties":{"name":"ControllerEngaged","genericType":"State","type":"State"},"labels":["Block"]}
{"start":{"id":"com.telelogic.rhapsody.core.RPStatechart@884b7df0"},"end":{"id":"com.telelogic.rhapsody.core.RPState@79da332f"},"id":"","label":"CONTAINS","type":"relationship","properties":{"type":"State"}}
{"id":"com.telelogic.rhapsody.core.RPState@a697e948","type":"node","properties":{"name":"ControllerDisengaged","genericType":"State","type":"State"},"labels":["Block"]}
{"start":{"id":"com.telelogic.rhapsody.core.RPStatechart@884b7df0"},"end":{"id":"com.telelogic.rhapsody.core.RPState@a697e948"},"id":"","label":"CONTAINS","type":"relationship","properties":{"type":"State"}}
{"id":"com.telelogic.rhapsody.core.RPState@f4f1fc4e","type":"node","properties":{"name":"DCTDrives","genericType":"State","type":"State"},"labels":["Block"]}
{"start":{"id":"com.telelogic.rhapsody.core.RPStatechart@884b7df0"},"end":{"id":"com.telelogic.rhapsody.core.RPState@f4f1fc4e"},"id":"","label":"CONTAINS","type":"relationship","properties":{"type":"State"}}
{"id":"com.telelogic.rhapsody.core.RPState@8a776764","type":"node","properties":{"name":"DCTStops","genericType":"State","type":"State"},"labels":["Block"]}
{"start":{"id":"com.telelogic.rhapsody.core.RPStatechart@884b7df0"},"end":{"id":"com.telelogic.rhapsody.core.RPState@8a776764"},"id":"","label":"CONTAINS","type":"relationship","properties":{"type":"State"}}
{"id":"com.telelogic.rhapsody.core.RPState@765bda7a","type":"node","properties":{"name":"SteeringThrottleEngaged","genericType":"State","type":"State"},"labels":["Block"]}
{"start":{"id":"com.telelogic.rhapsody.core.RPStatechart@884b7df0"},"end":{"id":"com.telelogic.rhapsody.core.RPState@765bda7a"},"id":"","label":"CONTAINS","type":"relationship","properties":{"type":"State"}}
{"id":"com.telelogic.rhapsody.core.RPState@7683439d","type":"node","properties":{"name":"terminationstate_6","genericType":"State","type":"State"},"labels":["Block"]}
{"start":{"id":"com.telelogic.rhapsody.core.RPStatechart@884b7df0"},"end":{"id":"com.telelogic.rhapsody.core.RPState@7683439d"},"id":"","label":"CONTAINS","type":"relationship","properties":{"type":"State"}}
{"id":"com.telelogic.rhapsody.core.RPState@a3e7edb2","type":"node","properties":{"name":"sendaction_12","genericType":"State","type":"State"},"labels":["Block"]}
{"start":{"id":"com.telelogic.rhapsody.core.RPStatechart@884b7df0"},"end":{"id":"com.telelogic.rhapsody.core.RPState@a3e7edb2"},"id":"","label":"CONTAINS","type":"relationship","properties":{"type":"State"}}
{"start":{"id":"com.telelogic.rhapsody.core.RPState@76af0ef8"},"end":{"id":"com.telelogic.rhapsody.core.RPState@79da332f"},"id":"","label":"HAS_TRANSITION_WITH","type":"relationship","properties":{"guard":"","name":"0","action":"","type":"DefaultTransition"}}
{"start":{"id":"com.telelogic.rhapsody.core.RPState@765bda7a"},"end":{"id":"com.telelogic.rhapsody.core.RPState@f4f1fc4e"},"id":"","label":"HAS_TRANSITION_WITH","type":"relationship","properties":{"guard":"","name":"1","action":"","type":"Transition"}}
{"start":{"id":"com.telelogic.rhapsody.core.RPConnector@66ead278"},"end":{"id":"com.telelogic.rhapsody.core.RPState@8a776764"},"id":"","label":"HAS_TRANSITION_WITH","type":"relationship","properties":{"guard":"stop","name":"2","action":"","type":"Transition"}}
{"start":{"id":"com.telelogic.rhapsody.core.RPState@8a776764"},"end":{"id":"com.telelogic.rhapsody.core.RPConnector@ced22282"},"id":"","label":"HAS_TRANSITION_WITH","type":"relationship","properties":{"guard":"","name":"3","action":"","type":"Transition"}}
{"start":{"id":"com.telelogic.rhapsody.core.RPConnector@ced22282"},"end":{"id":"com.telelogic.rhapsody.core.RPState@a3e7edb2"},"id":"","label":"HAS_TRANSITION_WITH","type":"relationship","properties":{"guard":"else","name":"4","action":"","type":"Transition"}}
{"start":{"id":"com.telelogic.rhapsody.core.RPConnector@ced22282"},"end":{"id":"com.telelogic.rhapsody.core.RPState@a697e948"},"id":"","label":"HAS_TRANSITION_WITH","type":"relationship","properties":{"guard":"killSwitch","name":"5","action":"","type":"Transition"}}
{"start":{"id":"com.telelogic.rhapsody.core.RPState@a697e948"},"end":{"id":"com.telelogic.rhapsody.core.RPState@7683439d"},"id":"","label":"HAS_TRANSITION_WITH","type":"relationship","properties":{"guard":"","name":"6","action":"","type":"Transition"}}
{"start":{"id":"com.telelogic.rhapsody.core.RPState@f4f1fc4e"},"end":{"id":"com.telelogic.rhapsody.core.RPState@f4f1fc4e"},"id":"","label":"HAS_TRANSITION_WITH","type":"relationship","properties":{"guard":"","name":"7","action":"","type":"Transition"}}
{"start":{"id":"com.telelogic.rhapsody.core.RPState@79da332f"},"end":{"id":"com.telelogic.rhapsody.core.RPAcceptEventAction@b512cc32"},"id":"","label":"HAS_TRANSITION_WITH","type":"relationship","properties":{"guard":"","name":"8","action":"controllerEngaged=true;","type":"Transition"}}
{"start":{"id":"com.telelogic.rhapsody.core.RPAcceptEventAction@b512cc32"},"end":{"id":"com.telelogic.rhapsody.core.RPState@765bda7a"},"id":"","label":"HAS_TRANSITION_WITH","type":"relationship","properties":{"guard":"","name":"9","action":"","type":"Transition"}}
{"start":{"id":"com.telelogic.rhapsody.core.RPState@a3e7edb2"},"end":{"id":"com.telelogic.rhapsody.core.RPState@79da332f"},"id":"","label":"HAS_TRANSITION_WITH","type":"relationship","properties":{"guard":"","name":"10","action":"","type":"Transition"}}
{"start":{"id":"com.telelogic.rhapsody.core.RPState@f4f1fc4e"},"end":{"id":"com.telelogic.rhapsody.core.RPConnector@66ead278"},"id":"","label":"HAS_TRANSITION_WITH","type":"relationship","properties":{"guard":"","name":"11","action":"","type":"Transition"}}
{"start":{"id":"com.telelogic.rhapsody.core.RPConnector@66ead278"},"end":{"id":"com.telelogic.rhapsody.core.RPState@a697e948"},"id":"","label":"HAS_TRANSITION_WITH","type":"relationship","properties":{"guard":"killSwitch","name":"12","action":"","type":"Transition"}}
{"start":{"id":"com.telelogic.rhapsody.core.RPState@79da332f"},"end":{"id":"com.telelogic.rhapsody.core.RPState@79da332f"},"id":"","label":"HAS_TRANSITION_WITH","type":"relationship","properties":{"guard":"","name":"13","action":"","type":"Transition"}}
