{"id":"com.telelogic.rhapsody.core.RPStatechart@33214a15","type":"node","properties":{"ownerType":"Block","ownerName":"UC_HMI","name":"HMI","description":"","genericType":"Statechart","type":"Statechart","ownerIdentifier":"com.telelogic.rhapsody.core.RPClass@77b476d8"},"labels":["StateMachineDiagram"]}
{"start":{"id":"com.telelogic.rhapsody.core.RPClass@77b476d8"},"end":{"id":"com.telelogic.rhapsody.core.RPStatechart@33214a15"},"id":"","label":"CONTAINS_DIAGRAM","type":"relationship","properties":{"type":"state machine"}}
{"id":"com.telelogic.rhapsody.core.RPState@57f75bea","type":"node","properties":{"name":"ROOT","genericType":"State","type":"State"},"labels":["Block"]}
{"start":{"id":"com.telelogic.rhapsody.core.RPStatechart@33214a15"},"end":{"id":"com.telelogic.rhapsody.core.RPState@57f75bea"},"id":"","label":"CONTAINS","type":"relationship","properties":{"type":"State"}}
{"id":"com.telelogic.rhapsody.core.RPState@2a6997aa","type":"node","properties":{"name":"Detect","genericType":"State","type":"State"},"labels":["Block"]}
{"start":{"id":"com.telelogic.rhapsody.core.RPStatechart@33214a15"},"end":{"id":"com.telelogic.rhapsody.core.RPState@2a6997aa"},"id":"","label":"CONTAINS","type":"relationship","properties":{"type":"State"}}
{"id":"com.telelogic.rhapsody.core.RPState@5eac5ac4","type":"node","properties":{"name":"Idle","genericType":"State","type":"State"},"labels":["Block"]}
{"start":{"id":"com.telelogic.rhapsody.core.RPStatechart@33214a15"},"end":{"id":"com.telelogic.rhapsody.core.RPState@5eac5ac4"},"id":"","label":"CONTAINS","type":"relationship","properties":{"type":"State"}}
{"start":{"id":"com.telelogic.rhapsody.core.RPState@57f75bea"},"end":{"id":"com.telelogic.rhapsody.core.RPState@5eac5ac4"},"id":"","label":"HAS_TRANSITION_WITH","type":"relationship","properties":{"guard":"","name":"0","action":"inLighting=3; inTemperature=3;","type":"DefaultTransition"}}
{"start":{"id":"com.telelogic.rhapsody.core.RPState@2a6997aa"},"end":{"id":"com.telelogic.rhapsody.core.RPState@5eac5ac4"},"id":"","label":"HAS_TRANSITION_WITH","type":"relationship","properties":{"guard":"","name":"1","action":"","type":"Transition"}}
{"start":{"id":"com.telelogic.rhapsody.core.RPConnector@7723fbf"},"end":{"id":"com.telelogic.rhapsody.core.RPState@2a6997aa"},"id":"","label":"HAS_TRANSITION_WITH","type":"relationship","properties":{"guard":"automaticMode","name":"2","action":"","type":"Transition"}}
{"start":{"id":"com.telelogic.rhapsody.core.RPState@5eac5ac4"},"end":{"id":"com.telelogic.rhapsody.core.RPConnector@7723fbf"},"id":"","label":"HAS_TRANSITION_WITH","type":"relationship","properties":{"guard":"","name":"3","action":"","type":"Transition"}}
{"start":{"id":"com.telelogic.rhapsody.core.RPConnector@7723fbf"},"end":{"id":"com.telelogic.rhapsody.core.RPState@5eac5ac4"},"id":"","label":"HAS_TRANSITION_WITH","type":"relationship","properties":{"guard":"else","name":"4","action":"","type":"Transition"}}
{"start":{"id":"com.telelogic.rhapsody.core.RPState@5eac5ac4"},"end":{"id":"com.telelogic.rhapsody.core.RPState@5eac5ac4"},"id":"","label":"HAS_TRANSITION_WITH","type":"relationship","properties":{"guard":"","name":"5","action":"","type":"Transition"}}
