{"id":"com.telelogic.rhapsody.core.RPStatechart@aa975d","type":"node","properties":{"ownerType":"Block","ownerName":"UC_LoadingCargo","name":"LoadingCargo","description":"","genericType":"Statechart","type":"Statechart","ownerIdentifier":"com.telelogic.rhapsody.core.RPClass@a63d1a37"},"labels":["StateMachineDiagram"]}
{"start":{"id":"com.telelogic.rhapsody.core.RPClass@a63d1a37"},"end":{"id":"com.telelogic.rhapsody.core.RPStatechart@aa975d"},"id":"","label":"CONTAINS_DIAGRAM","type":"relationship","properties":{"type":"state machine"}}
{"id":"com.telelogic.rhapsody.core.RPState@34ea17fd","type":"node","properties":{"name":"ROOT","genericType":"State","type":"State"},"labels":["Block"]}
{"start":{"id":"com.telelogic.rhapsody.core.RPStatechart@aa975d"},"end":{"id":"com.telelogic.rhapsody.core.RPState@34ea17fd"},"id":"","label":"CONTAINS","type":"relationship","properties":{"type":"State"}}
{"id":"com.telelogic.rhapsody.core.RPState@4bc0d526","type":"node","properties":{"name":"waitForDock","genericType":"State","type":"State"},"labels":["Block"]}
{"start":{"id":"com.telelogic.rhapsody.core.RPStatechart@aa975d"},"end":{"id":"com.telelogic.rhapsody.core.RPState@4bc0d526"},"id":"","label":"CONTAINS","type":"relationship","properties":{"type":"State"}}
{"id":"com.telelogic.rhapsody.core.RPState@4cb71cd5","type":"node","properties":{"name":"CargoDoorClosed","genericType":"State","type":"State"},"labels":["Block"]}
{"start":{"id":"com.telelogic.rhapsody.core.RPStatechart@aa975d"},"end":{"id":"com.telelogic.rhapsody.core.RPState@4cb71cd5"},"id":"","label":"CONTAINS","type":"relationship","properties":{"type":"State"}}
{"id":"com.telelogic.rhapsody.core.RPState@480c93cb","type":"node","properties":{"name":"CargoDoorOpen","genericType":"State","type":"State"},"labels":["Block"]}
{"start":{"id":"com.telelogic.rhapsody.core.RPStatechart@aa975d"},"end":{"id":"com.telelogic.rhapsody.core.RPState@480c93cb"},"id":"","label":"CONTAINS","type":"relationship","properties":{"type":"State"}}
{"id":"com.telelogic.rhapsody.core.RPState@32040e19","type":"node","properties":{"name":"Loading","genericType":"State","type":"State"},"labels":["Block"]}
{"start":{"id":"com.telelogic.rhapsody.core.RPStatechart@aa975d"},"end":{"id":"com.telelogic.rhapsody.core.RPState@32040e19"},"id":"","label":"CONTAINS","type":"relationship","properties":{"type":"State"}}
{"id":"com.telelogic.rhapsody.core.RPState@a5a78d56","type":"node","properties":{"name":"Idle","genericType":"State","type":"State"},"labels":["Block"]}
{"start":{"id":"com.telelogic.rhapsody.core.RPStatechart@aa975d"},"end":{"id":"com.telelogic.rhapsody.core.RPState@a5a78d56"},"id":"","label":"CONTAINS","type":"relationship","properties":{"type":"State"}}
{"id":"com.telelogic.rhapsody.core.RPState@73ea6e10","type":"node","properties":{"name":"Load","genericType":"State","type":"State"},"labels":["Block"]}
{"start":{"id":"com.telelogic.rhapsody.core.RPStatechart@aa975d"},"end":{"id":"com.telelogic.rhapsody.core.RPState@73ea6e10"},"id":"","label":"CONTAINS","type":"relationship","properties":{"type":"State"}}
{"id":"com.telelogic.rhapsody.core.RPState@3579db96","type":"node","properties":{"name":"Unload","genericType":"State","type":"State"},"labels":["Block"]}
{"start":{"id":"com.telelogic.rhapsody.core.RPStatechart@aa975d"},"end":{"id":"com.telelogic.rhapsody.core.RPState@3579db96"},"id":"","label":"CONTAINS","type":"relationship","properties":{"type":"State"}}
{"start":{"id":"com.telelogic.rhapsody.core.RPState@34ea17fd"},"end":{"id":"com.telelogic.rhapsody.core.RPState@4cb71cd5"},"id":"","label":"HAS_TRANSITION_WITH","type":"relationship","properties":{"guard":"","name":"0","action":"","type":"DefaultTransition"}}
{"start":{"id":"com.telelogic.rhapsody.core.RPState@4bc0d526"},"end":{"id":"com.telelogic.rhapsody.core.RPState@480c93cb"},"id":"","label":"HAS_TRANSITION_WITH","type":"relationship","properties":{"guard":"","name":"1","action":"","type":"Transition"}}
{"start":{"id":"com.telelogic.rhapsody.core.RPState@480c93cb"},"end":{"id":"com.telelogic.rhapsody.core.RPState@4cb71cd5"},"id":"","label":"HAS_TRANSITION_WITH","type":"relationship","properties":{"guard":"","name":"2","action":"dockingStatus=false;","type":"Transition"}}
{"start":{"id":"com.telelogic.rhapsody.core.RPState@4cb71cd5"},"end":{"id":"com.telelogic.rhapsody.core.RPConnector@5c65d383"},"id":"","label":"HAS_TRANSITION_WITH","type":"relationship","properties":{"guard":"","name":"3","action":"","type":"Transition"}}
{"start":{"id":"com.telelogic.rhapsody.core.RPConnector@5c65d383"},"end":{"id":"com.telelogic.rhapsody.core.RPState@4bc0d526"},"id":"","label":"HAS_TRANSITION_WITH","type":"relationship","properties":{"guard":"dockingStatus","name":"4","action":"","type":"Transition"}}
{"start":{"id":"com.telelogic.rhapsody.core.RPConnector@5c65d383"},"end":{"id":"com.telelogic.rhapsody.core.RPState@4cb71cd5"},"id":"","label":"HAS_TRANSITION_WITH","type":"relationship","properties":{"guard":"else","name":"5","action":"","type":"Transition"}}
{"start":{"id":"com.telelogic.rhapsody.core.RPState@480c93cb"},"end":{"id":"com.telelogic.rhapsody.core.RPState@32040e19"},"id":"","label":"HAS_TRANSITION_WITH","type":"relationship","properties":{"guard":"guard","name":"6","action":"","type":"Transition"}}
{"start":{"id":"com.telelogic.rhapsody.core.RPState@32040e19"},"end":{"id":"com.telelogic.rhapsody.core.RPState@a5a78d56"},"id":"","label":"HAS_TRANSITION_WITH","type":"relationship","properties":{"guard":"","name":"7","action":"","type":"DefaultTransition"}}
{"start":{"id":"com.telelogic.rhapsody.core.RPState@a5a78d56"},"end":{"id":"com.telelogic.rhapsody.core.RPConnector@991f526e"},"id":"","label":"HAS_TRANSITION_WITH","type":"relationship","properties":{"guard":"","name":"8","action":"","type":"Transition"}}
{"start":{"id":"com.telelogic.rhapsody.core.RPConnector@991f526e"},"end":{"id":"com.telelogic.rhapsody.core.RPState@73ea6e10"},"id":"","label":"HAS_TRANSITION_WITH","type":"relationship","properties":{"guard":"loadUnload","name":"9","action":"cargo=0;","type":"Transition"}}
{"start":{"id":"com.telelogic.rhapsody.core.RPConnector@991f526e"},"end":{"id":"com.telelogic.rhapsody.core.RPState@3579db96"},"id":"","label":"HAS_TRANSITION_WITH","type":"relationship","properties":{"guard":"else","name":"10","action":"cargo=20;","type":"Transition"}}
{"start":{"id":"com.telelogic.rhapsody.core.RPState@73ea6e10"},"end":{"id":"com.telelogic.rhapsody.core.RPState@73ea6e10"},"id":"","label":"HAS_TRANSITION_WITH","type":"relationship","properties":{"guard":"","name":"11","action":"","type":"Transition"}}
{"start":{"id":"com.telelogic.rhapsody.core.RPState@3579db96"},"end":{"id":"com.telelogic.rhapsody.core.RPState@3579db96"},"id":"","label":"HAS_TRANSITION_WITH","type":"relationship","properties":{"guard":"","name":"12","action":"","type":"Transition"}}
{"start":{"id":"com.telelogic.rhapsody.core.RPState@73ea6e10"},"end":{"id":"com.telelogic.rhapsody.core.RPState@480c93cb"},"id":"","label":"HAS_TRANSITION_WITH","type":"relationship","properties":{"guard":"cargo==20","name":"13","action":"guard=false;","type":"Transition"}}
{"start":{"id":"com.telelogic.rhapsody.core.RPState@3579db96"},"end":{"id":"com.telelogic.rhapsody.core.RPState@480c93cb"},"id":"","label":"HAS_TRANSITION_WITH","type":"relationship","properties":{"guard":"cargo==0","name":"14","action":"guard=false;","type":"Transition"}}
{"start":{"id":"com.telelogic.rhapsody.core.RPState@4cb71cd5"},"end":{"id":"com.telelogic.rhapsody.core.RPState@4cb71cd5"},"id":"","label":"HAS_TRANSITION_WITH","type":"relationship","properties":{"guard":"","name":"15","action":"","type":"Transition"}}
