{"id":"com.telelogic.rhapsody.core.RPStatechart@8abb636b","type":"node","properties":{"ownerType":"Block","ownerName":"UC_ManualOverride","name":"ManualOverride","description":"","genericType":"Statechart","type":"Statechart","ownerIdentifier":"com.telelogic.rhapsody.core.RPClass@4bc78435"},"labels":["StateMachineDiagram"]}
{"start":{"id":"com.telelogic.rhapsody.core.RPClass@4bc78435"},"end":{"id":"com.telelogic.rhapsody.core.RPStatechart@8abb636b"},"id":"","label":"CONTAINS_DIAGRAM","type":"relationship","properties":{"type":"state machine"}}
{"id":"com.telelogic.rhapsody.core.RPState@db89a346","type":"node","properties":{"name":"ROOT","genericType":"State","type":"State"},"labels":["Block"]}
{"start":{"id":"com.telelogic.rhapsody.core.RPStatechart@8abb636b"},"end":{"id":"com.telelogic.rhapsody.core.RPState@db89a346"},"id":"","label":"CONTAINS","type":"relationship","properties":{"type":"State"}}
{"id":"com.telelogic.rhapsody.core.RPState@3ba38c3","type":"node","properties":{"name":"AutonomousDisabled","genericType":"State","type":"State"},"labels":["Block"]}
{"start":{"id":"com.telelogic.rhapsody.core.RPStatechart@8abb636b"},"end":{"id":"com.telelogic.rhapsody.core.RPState@3ba38c3"},"id":"","label":"CONTAINS","type":"relationship","properties":{"type":"State"}}
{"id":"com.telelogic.rhapsody.core.RPState@24ee5acb","type":"node","properties":{"name":"AutonomousEnabled","genericType":"State","type":"State"},"labels":["Block"]}
{"start":{"id":"com.telelogic.rhapsody.core.RPStatechart@8abb636b"},"end":{"id":"com.telelogic.rhapsody.core.RPState@24ee5acb"},"id":"","label":"CONTAINS","type":"relationship","properties":{"type":"State"}}
{"id":"com.telelogic.rhapsody.core.RPState@ca8b35c1","type":"node","properties":{"name":"FrictionWheelState","genericType":"State","type":"State"},"labels":["Block"]}
{"start":{"id":"com.telelogic.rhapsody.core.RPStatechart@8abb636b"},"end":{"id":"com.telelogic.rhapsody.core.RPState@ca8b35c1"},"id":"","label":"CONTAINS","type":"relationship","properties":{"type":"State"}}
{"start":{"id":"com.telelogic.rhapsody.core.RPState@db89a346"},"end":{"id":"com.telelogic.rhapsody.core.RPState@ca8b35c1"},"id":"","label":"HAS_TRANSITION_WITH","type":"relationship","properties":{"guard":"","name":"0","action":"","type":"DefaultTransition"}}
{"start":{"id":"com.telelogic.rhapsody.core.RPConnector@eb9fa036"},"end":{"id":"com.telelogic.rhapsody.core.RPState@24ee5acb"},"id":"","label":"HAS_TRANSITION_WITH","type":"relationship","properties":{"guard":"autonomousMode","name":"1","action":"","type":"Transition"}}
{"start":{"id":"com.telelogic.rhapsody.core.RPConnector@eb9fa036"},"end":{"id":"com.telelogic.rhapsody.core.RPState@3ba38c3"},"id":"","label":"HAS_TRANSITION_WITH","type":"relationship","properties":{"guard":"else","name":"2","action":"","type":"Transition"}}
{"start":{"id":"com.telelogic.rhapsody.core.RPState@ca8b35c1"},"end":{"id":"com.telelogic.rhapsody.core.RPConnector@eb9fa036"},"id":"","label":"HAS_TRANSITION_WITH","type":"relationship","properties":{"guard":"","name":"3","action":"","type":"Transition"}}
{"start":{"id":"com.telelogic.rhapsody.core.RPState@3ba38c3"},"end":{"id":"com.telelogic.rhapsody.core.RPState@ca8b35c1"},"id":"","label":"HAS_TRANSITION_WITH","type":"relationship","properties":{"guard":"","name":"4","action":"","type":"Transition"}}
{"start":{"id":"com.telelogic.rhapsody.core.RPState@24ee5acb"},"end":{"id":"com.telelogic.rhapsody.core.RPState@ca8b35c1"},"id":"","label":"HAS_TRANSITION_WITH","type":"relationship","properties":{"guard":"","name":"5","action":"","type":"Transition"}}
{"start":{"id":"com.telelogic.rhapsody.core.RPState@3ba38c3"},"end":{"id":"com.telelogic.rhapsody.core.RPAcceptEventAction@611ff2bb"},"id":"","label":"HAS_TRANSITION_WITH","type":"relationship","properties":{"guard":"","name":"6","action":"","type":"Transition"}}
{"start":{"id":"com.telelogic.rhapsody.core.RPAcceptEventAction@611ff2bb"},"end":{"id":"com.telelogic.rhapsody.core.RPState@24ee5acb"},"id":"","label":"HAS_TRANSITION_WITH","type":"relationship","properties":{"guard":"","name":"7","action":"","type":"Transition"}}
{"start":{"id":"com.telelogic.rhapsody.core.RPState@24ee5acb"},"end":{"id":"com.telelogic.rhapsody.core.RPAcceptEventAction@f64a5633"},"id":"","label":"HAS_TRANSITION_WITH","type":"relationship","properties":{"guard":"","name":"8","action":"","type":"Transition"}}
{"start":{"id":"com.telelogic.rhapsody.core.RPAcceptEventAction@f64a5633"},"end":{"id":"com.telelogic.rhapsody.core.RPState@3ba38c3"},"id":"","label":"HAS_TRANSITION_WITH","type":"relationship","properties":{"guard":"","name":"9","action":"","type":"Transition"}}
