{"id":"com.telelogic.rhapsody.core.RPStatechart@d5503e74","type":"node","properties":{"ownerType":"Block","ownerName":"UC_ManualHMI","name":"ManualHMI","description":"","genericType":"Statechart","type":"Statechart","ownerIdentifier":"com.telelogic.rhapsody.core.RPClass@3481bdc2"},"labels":["StateMachineDiagram"]}
{"start":{"id":"com.telelogic.rhapsody.core.RPClass@3481bdc2"},"end":{"id":"com.telelogic.rhapsody.core.RPStatechart@d5503e74"},"id":"","label":"CONTAINS_DIAGRAM","type":"relationship","properties":{"type":"state machine"}}
{"id":"com.telelogic.rhapsody.core.RPState@c3ace94f","type":"node","properties":{"name":"ROOT","genericType":"State","type":"State"},"labels":["Block"]}
{"start":{"id":"com.telelogic.rhapsody.core.RPStatechart@d5503e74"},"end":{"id":"com.telelogic.rhapsody.core.RPState@c3ace94f"},"id":"","label":"CONTAINS","type":"relationship","properties":{"type":"State"}}
{"id":"com.telelogic.rhapsody.core.RPState@9cd851fa","type":"node","properties":{"name":"ManualSet","genericType":"State","type":"State"},"labels":["Block"]}
{"start":{"id":"com.telelogic.rhapsody.core.RPStatechart@d5503e74"},"end":{"id":"com.telelogic.rhapsody.core.RPState@9cd851fa"},"id":"","label":"CONTAINS","type":"relationship","properties":{"type":"State"}}
{"start":{"id":"com.telelogic.rhapsody.core.RPState@c3ace94f"},"end":{"id":"com.telelogic.rhapsody.core.RPState@9cd851fa"},"id":"","label":"HAS_TRANSITION_WITH","type":"relationship","properties":{"guard":"","name":"0","action":"","type":"DefaultTransition"}}
