{"id":"com.telelogic.rhapsody.core.RPStatechart@c3165c30","type":"node","properties":{"ownerType":"Block","ownerName":"UC_ObstacleDetection","name":"ObstacleDetection","description":"","genericType":"Statechart","type":"Statechart","ownerIdentifier":"com.telelogic.rhapsody.core.RPClass@7bbfc4e"},"labels":["StateMachineDiagram"]}
{"start":{"id":"com.telelogic.rhapsody.core.RPClass@7bbfc4e"},"end":{"id":"com.telelogic.rhapsody.core.RPStatechart@c3165c30"},"id":"","label":"CONTAINS_DIAGRAM","type":"relationship","properties":{"type":"state machine"}}
{"id":"com.telelogic.rhapsody.core.RPState@e6936fd6","type":"node","properties":{"name":"ROOT","genericType":"State","type":"State"},"labels":["Block"]}
{"start":{"id":"com.telelogic.rhapsody.core.RPStatechart@c3165c30"},"end":{"id":"com.telelogic.rhapsody.core.RPState@e6936fd6"},"id":"","label":"CONTAINS","type":"relationship","properties":{"type":"State"}}
{"id":"com.telelogic.rhapsody.core.RPState@ba21a88f","type":"node","properties":{"name":"ObstaclesDetect","genericType":"State","type":"State"},"labels":["Block"]}
{"start":{"id":"com.telelogic.rhapsody.core.RPStatechart@c3165c30"},"end":{"id":"com.telelogic.rhapsody.core.RPState@ba21a88f"},"id":"","label":"CONTAINS","type":"relationship","properties":{"type":"State"}}
{"id":"com.telelogic.rhapsody.core.RPState@16add723","type":"node","properties":{"name":"ObstaclesNotDetected","genericType":"State","type":"State"},"labels":["Block"]}
{"start":{"id":"com.telelogic.rhapsody.core.RPStatechart@c3165c30"},"end":{"id":"com.telelogic.rhapsody.core.RPState@16add723"},"id":"","label":"CONTAINS","type":"relationship","properties":{"type":"State"}}
{"id":"com.telelogic.rhapsody.core.RPState@d89eb8ed","type":"node","properties":{"name":"CoordinatesSent","genericType":"State","type":"State"},"labels":["Block"]}
{"start":{"id":"com.telelogic.rhapsody.core.RPStatechart@c3165c30"},"end":{"id":"com.telelogic.rhapsody.core.RPState@d89eb8ed"},"id":"","label":"CONTAINS","type":"relationship","properties":{"type":"State"}}
{"id":"com.telelogic.rhapsody.core.RPState@b3f0ad0f","type":"node","properties":{"name":"Idle","genericType":"State","type":"State"},"labels":["Block"]}
{"start":{"id":"com.telelogic.rhapsody.core.RPStatechart@c3165c30"},"end":{"id":"com.telelogic.rhapsody.core.RPState@b3f0ad0f"},"id":"","label":"CONTAINS","type":"relationship","properties":{"type":"State"}}
{"id":"com.telelogic.rhapsody.core.RPState@b003c971","type":"node","properties":{"name":"sendaction_7","genericType":"State","type":"State"},"labels":["Block"]}
{"start":{"id":"com.telelogic.rhapsody.core.RPStatechart@c3165c30"},"end":{"id":"com.telelogic.rhapsody.core.RPState@b003c971"},"id":"","label":"CONTAINS","type":"relationship","properties":{"type":"State"}}
{"start":{"id":"com.telelogic.rhapsody.core.RPState@e6936fd6"},"end":{"id":"com.telelogic.rhapsody.core.RPState@b3f0ad0f"},"id":"","label":"HAS_TRANSITION_WITH","type":"relationship","properties":{"guard":"","name":"0","action":"","type":"DefaultTransition"}}
{"start":{"id":"com.telelogic.rhapsody.core.RPConnector@f52472ca"},"end":{"id":"com.telelogic.rhapsody.core.RPState@ba21a88f"},"id":"","label":"HAS_TRANSITION_WITH","type":"relationship","properties":{"guard":"obstacles","name":"1","action":"","type":"Transition"}}
{"start":{"id":"com.telelogic.rhapsody.core.RPConnector@f52472ca"},"end":{"id":"com.telelogic.rhapsody.core.RPState@16add723"},"id":"","label":"HAS_TRANSITION_WITH","type":"relationship","properties":{"guard":"else","name":"2","action":"","type":"Transition"}}
{"start":{"id":"com.telelogic.rhapsody.core.RPState@ba21a88f"},"end":{"id":"com.telelogic.rhapsody.core.RPState@d89eb8ed"},"id":"","label":"HAS_TRANSITION_WITH","type":"relationship","properties":{"guard":"","name":"3","action":"","type":"Transition"}}
{"start":{"id":"com.telelogic.rhapsody.core.RPState@b3f0ad0f"},"end":{"id":"com.telelogic.rhapsody.core.RPAcceptEventAction@98ef6ee7"},"id":"","label":"HAS_TRANSITION_WITH","type":"relationship","properties":{"guard":"","name":"4","action":"","type":"Transition"}}
{"start":{"id":"com.telelogic.rhapsody.core.RPAcceptEventAction@98ef6ee7"},"end":{"id":"com.telelogic.rhapsody.core.RPConnector@f52472ca"},"id":"","label":"HAS_TRANSITION_WITH","type":"relationship","properties":{"guard":"","name":"5","action":"","type":"Transition"}}
{"start":{"id":"com.telelogic.rhapsody.core.RPState@16add723"},"end":{"id":"com.telelogic.rhapsody.core.RPState@b003c971"},"id":"","label":"HAS_TRANSITION_WITH","type":"relationship","properties":{"guard":"","name":"6","action":"","type":"Transition"}}
{"start":{"id":"com.telelogic.rhapsody.core.RPState@d89eb8ed"},"end":{"id":"com.telelogic.rhapsody.core.RPState@b003c971"},"id":"","label":"HAS_TRANSITION_WITH","type":"relationship","properties":{"guard":"","name":"7","action":"","type":"Transition"}}
{"start":{"id":"com.telelogic.rhapsody.core.RPState@b003c971"},"end":{"id":"com.telelogic.rhapsody.core.RPState@b3f0ad0f"},"id":"","label":"HAS_TRANSITION_WITH","type":"relationship","properties":{"guard":"","name":"8","action":"","type":"Transition"}}
