{"id":"com.telelogic.rhapsody.core.RPStatechart@b2769954","type":"node","properties":{"ownerType":"Block","ownerName":"UC_ParkingAssign","name":"ParkingAssign","description":"","genericType":"Statechart","type":"Statechart","ownerIdentifier":"com.telelogic.rhapsody.core.RPClass@4d03b059"},"labels":["StateMachineDiagram"]}
{"start":{"id":"com.telelogic.rhapsody.core.RPClass@4d03b059"},"end":{"id":"com.telelogic.rhapsody.core.RPStatechart@b2769954"},"id":"","label":"CONTAINS_DIAGRAM","type":"relationship","properties":{"type":"state machine"}}
{"id":"com.telelogic.rhapsody.core.RPState@f689e2f1","type":"node","properties":{"name":"ROOT","genericType":"State","type":"State"},"labels":["Block"]}
{"start":{"id":"com.telelogic.rhapsody.core.RPStatechart@b2769954"},"end":{"id":"com.telelogic.rhapsody.core.RPState@f689e2f1"},"id":"","label":"CONTAINS","type":"relationship","properties":{"type":"State"}}
{"id":"com.telelogic.rhapsody.core.RPState@b58fc44a","type":"node","properties":{"name":"PBinfoSelected","genericType":"State","type":"State"},"labels":["Block"]}
{"start":{"id":"com.telelogic.rhapsody.core.RPStatechart@b2769954"},"end":{"id":"com.telelogic.rhapsody.core.RPState@b58fc44a"},"id":"","label":"CONTAINS","type":"relationship","properties":{"type":"State"}}
{"id":"com.telelogic.rhapsody.core.RPState@4c1b2af6","type":"node","properties":{"name":"PB1","genericType":"State","type":"State"},"labels":["Block"]}
{"start":{"id":"com.telelogic.rhapsody.core.RPStatechart@b2769954"},"end":{"id":"com.telelogic.rhapsody.core.RPState@4c1b2af6"},"id":"","label":"CONTAINS","type":"relationship","properties":{"type":"State"}}
{"id":"com.telelogic.rhapsody.core.RPState@951517cc","type":"node","properties":{"name":"PB2","genericType":"State","type":"State"},"labels":["Block"]}
{"start":{"id":"com.telelogic.rhapsody.core.RPStatechart@b2769954"},"end":{"id":"com.telelogic.rhapsody.core.RPState@951517cc"},"id":"","label":"CONTAINS","type":"relationship","properties":{"type":"State"}}
{"id":"com.telelogic.rhapsody.core.RPState@d0d861cd","type":"node","properties":{"name":"PB3","genericType":"State","type":"State"},"labels":["Block"]}
{"start":{"id":"com.telelogic.rhapsody.core.RPStatechart@b2769954"},"end":{"id":"com.telelogic.rhapsody.core.RPState@d0d861cd"},"id":"","label":"CONTAINS","type":"relationship","properties":{"type":"State"}}
{"id":"com.telelogic.rhapsody.core.RPState@eee7e499","type":"node","properties":{"name":"PB4","genericType":"State","type":"State"},"labels":["Block"]}
{"start":{"id":"com.telelogic.rhapsody.core.RPStatechart@b2769954"},"end":{"id":"com.telelogic.rhapsody.core.RPState@eee7e499"},"id":"","label":"CONTAINS","type":"relationship","properties":{"type":"State"}}
{"id":"com.telelogic.rhapsody.core.RPState@7b238443","type":"node","properties":{"name":"displayDCBoard","genericType":"State","type":"State"},"labels":["Block"]}
{"start":{"id":"com.telelogic.rhapsody.core.RPStatechart@b2769954"},"end":{"id":"com.telelogic.rhapsody.core.RPState@7b238443"},"id":"","label":"CONTAINS","type":"relationship","properties":{"type":"State"}}
{"id":"com.telelogic.rhapsody.core.RPState@8d09e207","type":"node","properties":{"name":"LDinfoSelected","genericType":"State","type":"State"},"labels":["Block"]}
{"start":{"id":"com.telelogic.rhapsody.core.RPStatechart@b2769954"},"end":{"id":"com.telelogic.rhapsody.core.RPState@8d09e207"},"id":"","label":"CONTAINS","type":"relationship","properties":{"type":"State"}}
{"id":"com.telelogic.rhapsody.core.RPState@f9f6cfc1","type":"node","properties":{"name":"LD1","genericType":"State","type":"State"},"labels":["Block"]}
{"start":{"id":"com.telelogic.rhapsody.core.RPStatechart@b2769954"},"end":{"id":"com.telelogic.rhapsody.core.RPState@f9f6cfc1"},"id":"","label":"CONTAINS","type":"relationship","properties":{"type":"State"}}
{"id":"com.telelogic.rhapsody.core.RPState@f66d313f","type":"node","properties":{"name":"LD2","genericType":"State","type":"State"},"labels":["Block"]}
{"start":{"id":"com.telelogic.rhapsody.core.RPStatechart@b2769954"},"end":{"id":"com.telelogic.rhapsody.core.RPState@f66d313f"},"id":"","label":"CONTAINS","type":"relationship","properties":{"type":"State"}}
{"id":"com.telelogic.rhapsody.core.RPState@6188b60","type":"node","properties":{"name":"LD3","genericType":"State","type":"State"},"labels":["Block"]}
{"start":{"id":"com.telelogic.rhapsody.core.RPStatechart@b2769954"},"end":{"id":"com.telelogic.rhapsody.core.RPState@6188b60"},"id":"","label":"CONTAINS","type":"relationship","properties":{"type":"State"}}
{"id":"com.telelogic.rhapsody.core.RPState@1b833dc5","type":"node","properties":{"name":"LD4","genericType":"State","type":"State"},"labels":["Block"]}
{"start":{"id":"com.telelogic.rhapsody.core.RPStatechart@b2769954"},"end":{"id":"com.telelogic.rhapsody.core.RPState@1b833dc5"},"id":"","label":"CONTAINS","type":"relationship","properties":{"type":"State"}}
{"id":"com.telelogic.rhapsody.core.RPState@ab7f407f","type":"node","properties":{"name":"LD5","genericType":"State","type":"State"},"labels":["Block"]}
{"start":{"id":"com.telelogic.rhapsody.core.RPStatechart@b2769954"},"end":{"id":"com.telelogic.rhapsody.core.RPState@ab7f407f"},"id":"","label":"CONTAINS","type":"relationship","properties":{"type":"State"}}
{"id":"com.telelogic.rhapsody.core.RPState@af56f6c9","type":"node","properties":{"name":"LD6","genericType":"State","type":"State"},"labels":["Block"]}
{"start":{"id":"com.telelogic.rhapsody.core.RPStatechart@b2769954"},"end":{"id":"com.telelogic.rhapsody.core.RPState@af56f6c9"},"id":"","label":"CONTAINS","type":"relationship","properties":{"type":"State"}}
{"id":"com.telelogic.rhapsody.core.RPState@70736b8c","type":"node","properties":{"name":"LD7","genericType":"State","type":"State"},"labels":["Block"]}
{"start":{"id":"com.telelogic.rhapsody.core.RPStatechart@b2769954"},"end":{"id":"com.telelogic.rhapsody.core.RPState@70736b8c"},"id":"","label":"CONTAINS","type":"relationship","properties":{"type":"State"}}
{"id":"com.telelogic.rhapsody.core.RPState@5b8f3caf","type":"node","properties":{"name":"LD8","genericType":"State","type":"State"},"labels":["Block"]}
{"start":{"id":"com.telelogic.rhapsody.core.RPStatechart@b2769954"},"end":{"id":"com.telelogic.rhapsody.core.RPState@5b8f3caf"},"id":"","label":"CONTAINS","type":"relationship","properties":{"type":"State"}}
{"id":"com.telelogic.rhapsody.core.RPState@4564a232","type":"node","properties":{"name":"LD9","genericType":"State","type":"State"},"labels":["Block"]}
{"start":{"id":"com.telelogic.rhapsody.core.RPStatechart@b2769954"},"end":{"id":"com.telelogic.rhapsody.core.RPState@4564a232"},"id":"","label":"CONTAINS","type":"relationship","properties":{"type":"State"}}
{"id":"com.telelogic.rhapsody.core.RPState@990dc01c","type":"node","properties":{"name":"LD10","genericType":"State","type":"State"},"labels":["Block"]}
{"start":{"id":"com.telelogic.rhapsody.core.RPStatechart@b2769954"},"end":{"id":"com.telelogic.rhapsody.core.RPState@990dc01c"},"id":"","label":"CONTAINS","type":"relationship","properties":{"type":"State"}}
{"id":"com.telelogic.rhapsody.core.RPState@2f214059","type":"node","properties":{"name":"sendaction_22","genericType":"State","type":"State"},"labels":["Block"]}
{"start":{"id":"com.telelogic.rhapsody.core.RPStatechart@b2769954"},"end":{"id":"com.telelogic.rhapsody.core.RPState@2f214059"},"id":"","label":"CONTAINS","type":"relationship","properties":{"type":"State"}}
{"id":"com.telelogic.rhapsody.core.RPState@5d0059cd","type":"node","properties":{"name":"sendaction_23","genericType":"State","type":"State"},"labels":["Block"]}
{"start":{"id":"com.telelogic.rhapsody.core.RPStatechart@b2769954"},"end":{"id":"com.telelogic.rhapsody.core.RPState@5d0059cd"},"id":"","label":"CONTAINS","type":"relationship","properties":{"type":"State"}}
{"id":"com.telelogic.rhapsody.core.RPState@16c3e238","type":"node","properties":{"name":"RouteSelection","genericType":"State","type":"State"},"labels":["Block"]}
{"start":{"id":"com.telelogic.rhapsody.core.RPStatechart@b2769954"},"end":{"id":"com.telelogic.rhapsody.core.RPState@16c3e238"},"id":"","label":"CONTAINS","type":"relationship","properties":{"type":"State"}}
{"start":{"id":"com.telelogic.rhapsody.core.RPState@f689e2f1"},"end":{"id":"com.telelogic.rhapsody.core.RPState@16c3e238"},"id":"","label":"HAS_TRANSITION_WITH","type":"relationship","properties":{"guard":"","name":"0","action":"matDisp='Select Route';","type":"DefaultTransition"}}
{"start":{"id":"com.telelogic.rhapsody.core.RPState@b58fc44a"},"end":{"id":"com.telelogic.rhapsody.core.RPState@4c1b2af6"},"id":"","label":"HAS_TRANSITION_WITH","type":"relationship","properties":{"guard":"","name":"1","action":"","type":"Transition"}}
{"start":{"id":"com.telelogic.rhapsody.core.RPState@b58fc44a"},"end":{"id":"com.telelogic.rhapsody.core.RPState@951517cc"},"id":"","label":"HAS_TRANSITION_WITH","type":"relationship","properties":{"guard":"","name":"2","action":"","type":"Transition"}}
{"start":{"id":"com.telelogic.rhapsody.core.RPState@b58fc44a"},"end":{"id":"com.telelogic.rhapsody.core.RPState@d0d861cd"},"id":"","label":"HAS_TRANSITION_WITH","type":"relationship","properties":{"guard":"","name":"3","action":"","type":"Transition"}}
{"start":{"id":"com.telelogic.rhapsody.core.RPState@b58fc44a"},"end":{"id":"com.telelogic.rhapsody.core.RPState@eee7e499"},"id":"","label":"HAS_TRANSITION_WITH","type":"relationship","properties":{"guard":"","name":"4","action":"","type":"Transition"}}
{"start":{"id":"com.telelogic.rhapsody.core.RPState@4c1b2af6"},"end":{"id":"com.telelogic.rhapsody.core.RPState@7b238443"},"id":"","label":"HAS_TRANSITION_WITH","type":"relationship","properties":{"guard":"","name":"5","action":"","type":"Transition"}}
{"start":{"id":"com.telelogic.rhapsody.core.RPState@951517cc"},"end":{"id":"com.telelogic.rhapsody.core.RPState@7b238443"},"id":"","label":"HAS_TRANSITION_WITH","type":"relationship","properties":{"guard":"","name":"6","action":"","type":"Transition"}}
{"start":{"id":"com.telelogic.rhapsody.core.RPState@d0d861cd"},"end":{"id":"com.telelogic.rhapsody.core.RPState@7b238443"},"id":"","label":"HAS_TRANSITION_WITH","type":"relationship","properties":{"guard":"","name":"7","action":"","type":"Transition"}}
{"start":{"id":"com.telelogic.rhapsody.core.RPState@eee7e499"},"end":{"id":"com.telelogic.rhapsody.core.RPState@7b238443"},"id":"","label":"HAS_TRANSITION_WITH","type":"relationship","properties":{"guard":"","name":"8","action":"","type":"Transition"}}
{"start":{"id":"com.telelogic.rhapsody.core.RPState@8d09e207"},"end":{"id":"com.telelogic.rhapsody.core.RPState@f9f6cfc1"},"id":"","label":"HAS_TRANSITION_WITH","type":"relationship","properties":{"guard":"","name":"9","action":"","type":"Transition"}}
{"start":{"id":"com.telelogic.rhapsody.core.RPState@8d09e207"},"end":{"id":"com.telelogic.rhapsody.core.RPState@f66d313f"},"id":"","label":"HAS_TRANSITION_WITH","type":"relationship","properties":{"guard":"","name":"10","action":"","type":"Transition"}}
{"start":{"id":"com.telelogic.rhapsody.core.RPState@8d09e207"},"end":{"id":"com.telelogic.rhapsody.core.RPState@6188b60"},"id":"","label":"HAS_TRANSITION_WITH","type":"relationship","properties":{"guard":"","name":"11","action":"","type":"Transition"}}
{"start":{"id":"com.telelogic.rhapsody.core.RPState@8d09e207"},"end":{"id":"com.telelogic.rhapsody.core.RPState@1b833dc5"},"id":"","label":"HAS_TRANSITION_WITH","type":"relationship","properties":{"guard":"","name":"12","action":"","type":"Transition"}}
{"start":{"id":"com.telelogic.rhapsody.core.RPState@8d09e207"},"end":{"id":"com.telelogic.rhapsody.core.RPState@ab7f407f"},"id":"","label":"HAS_TRANSITION_WITH","type":"relationship","properties":{"guard":"","name":"13","action":"","type":"Transition"}}
{"start":{"id":"com.telelogic.rhapsody.core.RPState@8d09e207"},"end":{"id":"com.telelogic.rhapsody.core.RPState@af56f6c9"},"id":"","label":"HAS_TRANSITION_WITH","type":"relationship","properties":{"guard":"","name":"14","action":"","type":"Transition"}}
{"start":{"id":"com.telelogic.rhapsody.core.RPState@8d09e207"},"end":{"id":"com.telelogic.rhapsody.core.RPState@70736b8c"},"id":"","label":"HAS_TRANSITION_WITH","type":"relationship","properties":{"guard":"","name":"15","action":"","type":"Transition"}}
{"start":{"id":"com.telelogic.rhapsody.core.RPState@8d09e207"},"end":{"id":"com.telelogic.rhapsody.core.RPState@5b8f3caf"},"id":"","label":"HAS_TRANSITION_WITH","type":"relationship","properties":{"guard":"","name":"16","action":"","type":"Transition"}}
{"start":{"id":"com.telelogic.rhapsody.core.RPState@8d09e207"},"end":{"id":"com.telelogic.rhapsody.core.RPState@4564a232"},"id":"","label":"HAS_TRANSITION_WITH","type":"relationship","properties":{"guard":"","name":"17","action":"","type":"Transition"}}
{"start":{"id":"com.telelogic.rhapsody.core.RPState@8d09e207"},"end":{"id":"com.telelogic.rhapsody.core.RPState@990dc01c"},"id":"","label":"HAS_TRANSITION_WITH","type":"relationship","properties":{"guard":"","name":"18","action":"","type":"Transition"}}
{"start":{"id":"com.telelogic.rhapsody.core.RPAcceptEventAction@faeccb53"},"end":{"id":"com.telelogic.rhapsody.core.RPState@8d09e207"},"id":"","label":"HAS_TRANSITION_WITH","type":"relationship","properties":{"guard":"","name":"19","action":"","type":"Transition"}}
{"start":{"id":"com.telelogic.rhapsody.core.RPState@f9f6cfc1"},"end":{"id":"com.telelogic.rhapsody.core.RPState@2f214059"},"id":"","label":"HAS_TRANSITION_WITH","type":"relationship","properties":{"guard":"","name":"20","action":"","type":"Transition"}}
{"start":{"id":"com.telelogic.rhapsody.core.RPState@f66d313f"},"end":{"id":"com.telelogic.rhapsody.core.RPState@2f214059"},"id":"","label":"HAS_TRANSITION_WITH","type":"relationship","properties":{"guard":"","name":"21","action":"","type":"Transition"}}
{"start":{"id":"com.telelogic.rhapsody.core.RPState@6188b60"},"end":{"id":"com.telelogic.rhapsody.core.RPState@2f214059"},"id":"","label":"HAS_TRANSITION_WITH","type":"relationship","properties":{"guard":"","name":"22","action":"","type":"Transition"}}
{"start":{"id":"com.telelogic.rhapsody.core.RPState@1b833dc5"},"end":{"id":"com.telelogic.rhapsody.core.RPState@2f214059"},"id":"","label":"HAS_TRANSITION_WITH","type":"relationship","properties":{"guard":"","name":"23","action":"","type":"Transition"}}
{"start":{"id":"com.telelogic.rhapsody.core.RPState@ab7f407f"},"end":{"id":"com.telelogic.rhapsody.core.RPState@2f214059"},"id":"","label":"HAS_TRANSITION_WITH","type":"relationship","properties":{"guard":"","name":"24","action":"","type":"Transition"}}
{"start":{"id":"com.telelogic.rhapsody.core.RPState@af56f6c9"},"end":{"id":"com.telelogic.rhapsody.core.RPState@2f214059"},"id":"","label":"HAS_TRANSITION_WITH","type":"relationship","properties":{"guard":"","name":"25","action":"","type":"Transition"}}
{"start":{"id":"com.telelogic.rhapsody.core.RPState@70736b8c"},"end":{"id":"com.telelogic.rhapsody.core.RPState@2f214059"},"id":"","label":"HAS_TRANSITION_WITH","type":"relationship","properties":{"guard":"","name":"26","action":"","type":"Transition"}}
{"start":{"id":"com.telelogic.rhapsody.core.RPState@5b8f3caf"},"end":{"id":"com.telelogic.rhapsody.core.RPState@2f214059"},"id":"","label":"HAS_TRANSITION_WITH","type":"relationship","properties":{"guard":"","name":"27","action":"","type":"Transition"}}
{"start":{"id":"com.telelogic.rhapsody.core.RPState@4564a232"},"end":{"id":"com.telelogic.rhapsody.core.RPState@2f214059"},"id":"","label":"HAS_TRANSITION_WITH","type":"relationship","properties":{"guard":"","name":"28","action":"","type":"Transition"}}
{"start":{"id":"com.telelogic.rhapsody.core.RPState@990dc01c"},"end":{"id":"com.telelogic.rhapsody.core.RPState@2f214059"},"id":"","label":"HAS_TRANSITION_WITH","type":"relationship","properties":{"guard":"","name":"29","action":"","type":"Transition"}}
{"start":{"id":"com.telelogic.rhapsody.core.RPState@7b238443"},"end":{"id":"com.telelogic.rhapsody.core.RPState@5d0059cd"},"id":"","label":"HAS_TRANSITION_WITH","type":"relationship","properties":{"guard":"","name":"30","action":"","type":"Transition"}}
{"start":{"id":"com.telelogic.rhapsody.core.RPState@5d0059cd"},"end":{"id":"com.telelogic.rhapsody.core.RPAcceptEventAction@faeccb53"},"id":"","label":"HAS_TRANSITION_WITH","type":"relationship","properties":{"guard":"","name":"31","action":"","type":"Transition"}}
{"start":{"id":"com.telelogic.rhapsody.core.RPState@2f214059"},"end":{"id":"com.telelogic.rhapsody.core.RPState@16c3e238"},"id":"","label":"HAS_TRANSITION_WITH","type":"relationship","properties":{"guard":"","name":"32","action":"","type":"Transition"}}
{"start":{"id":"com.telelogic.rhapsody.core.RPState@16c3e238"},"end":{"id":"com.telelogic.rhapsody.core.RPState@8d09e207"},"id":"","label":"HAS_TRANSITION_WITH","type":"relationship","properties":{"guard":"","name":"33","action":"","type":"Transition"}}
{"start":{"id":"com.telelogic.rhapsody.core.RPState@16c3e238"},"end":{"id":"com.telelogic.rhapsody.core.RPState@b58fc44a"},"id":"","label":"HAS_TRANSITION_WITH","type":"relationship","properties":{"guard":"","name":"34","action":"","type":"Transition"}}
