{"id":"com.telelogic.rhapsody.core.RPStatechart@f07efa86","type":"node","properties":{"ownerType":"Block","ownerName":"UC_PathPlanning","name":"PathPlanning","description":"","genericType":"Statechart","type":"Statechart","ownerIdentifier":"com.telelogic.rhapsody.core.RPClass@550c1d30"},"labels":["StateMachineDiagram"]}
{"start":{"id":"com.telelogic.rhapsody.core.RPClass@550c1d30"},"end":{"id":"com.telelogic.rhapsody.core.RPStatechart@f07efa86"},"id":"","label":"CONTAINS_DIAGRAM","type":"relationship","properties":{"type":"state machine"}}
{"id":"com.telelogic.rhapsody.core.RPState@6b03b53d","type":"node","properties":{"name":"ROOT","genericType":"State","type":"State"},"labels":["Block"]}
{"start":{"id":"com.telelogic.rhapsody.core.RPStatechart@f07efa86"},"end":{"id":"com.telelogic.rhapsody.core.RPState@6b03b53d"},"id":"","label":"CONTAINS","type":"relationship","properties":{"type":"State"}}
{"id":"com.telelogic.rhapsody.core.RPState@5b2904f4","type":"node","properties":{"name":"PathPlannerEngaged","genericType":"State","type":"State"},"labels":["Block"]}
{"start":{"id":"com.telelogic.rhapsody.core.RPStatechart@f07efa86"},"end":{"id":"com.telelogic.rhapsody.core.RPState@5b2904f4"},"id":"","label":"CONTAINS","type":"relationship","properties":{"type":"State"}}
{"id":"com.telelogic.rhapsody.core.RPState@5b76d035","type":"node","properties":{"name":"ControllerInputReceived","genericType":"State","type":"State"},"labels":["Block"]}
{"start":{"id":"com.telelogic.rhapsody.core.RPStatechart@f07efa86"},"end":{"id":"com.telelogic.rhapsody.core.RPState@5b76d035"},"id":"","label":"CONTAINS","type":"relationship","properties":{"type":"State"}}
{"id":"com.telelogic.rhapsody.core.RPState@6fb0870d","type":"node","properties":{"name":"ObstacleDetect","genericType":"State","type":"State"},"labels":["Block"]}
{"start":{"id":"com.telelogic.rhapsody.core.RPStatechart@f07efa86"},"end":{"id":"com.telelogic.rhapsody.core.RPState@6fb0870d"},"id":"","label":"CONTAINS","type":"relationship","properties":{"type":"State"}}
{"id":"com.telelogic.rhapsody.core.RPState@19f8bac2","type":"node","properties":{"name":"sendaction_7","genericType":"State","type":"State"},"labels":["Block"]}
{"start":{"id":"com.telelogic.rhapsody.core.RPStatechart@f07efa86"},"end":{"id":"com.telelogic.rhapsody.core.RPState@19f8bac2"},"id":"","label":"CONTAINS","type":"relationship","properties":{"type":"State"}}
{"id":"com.telelogic.rhapsody.core.RPState@3ca6ba69","type":"node","properties":{"name":"sendaction_9","genericType":"State","type":"State"},"labels":["Block"]}
{"start":{"id":"com.telelogic.rhapsody.core.RPStatechart@f07efa86"},"end":{"id":"com.telelogic.rhapsody.core.RPState@3ca6ba69"},"id":"","label":"CONTAINS","type":"relationship","properties":{"type":"State"}}
{"start":{"id":"com.telelogic.rhapsody.core.RPState@6b03b53d"},"end":{"id":"com.telelogic.rhapsody.core.RPState@5b2904f4"},"id":"","label":"HAS_TRANSITION_WITH","type":"relationship","properties":{"guard":"","name":"0","action":"","type":"DefaultTransition"}}
{"start":{"id":"com.telelogic.rhapsody.core.RPState@5b76d035"},"end":{"id":"com.telelogic.rhapsody.core.RPState@3ca6ba69"},"id":"","label":"HAS_TRANSITION_WITH","type":"relationship","properties":{"guard":"","name":"1","action":"","type":"Transition"}}
{"start":{"id":"com.telelogic.rhapsody.core.RPState@5b2904f4"},"end":{"id":"com.telelogic.rhapsody.core.RPAcceptEventAction@70a23791"},"id":"","label":"HAS_TRANSITION_WITH","type":"relationship","properties":{"guard":"","name":"2","action":"","type":"Transition"}}
{"start":{"id":"com.telelogic.rhapsody.core.RPAcceptEventAction@70a23791"},"end":{"id":"com.telelogic.rhapsody.core.RPState@19f8bac2"},"id":"","label":"HAS_TRANSITION_WITH","type":"relationship","properties":{"guard":"","name":"3","action":"","type":"Transition"}}
{"start":{"id":"com.telelogic.rhapsody.core.RPState@19f8bac2"},"end":{"id":"com.telelogic.rhapsody.core.RPState@6fb0870d"},"id":"","label":"HAS_TRANSITION_WITH","type":"relationship","properties":{"guard":"","name":"4","action":"","type":"Transition"}}
{"start":{"id":"com.telelogic.rhapsody.core.RPState@6fb0870d"},"end":{"id":"com.telelogic.rhapsody.core.RPAcceptEventAction@70a21865"},"id":"","label":"HAS_TRANSITION_WITH","type":"relationship","properties":{"guard":"","name":"5","action":"","type":"Transition"}}
{"start":{"id":"com.telelogic.rhapsody.core.RPAcceptEventAction@70a21865"},"end":{"id":"com.telelogic.rhapsody.core.RPState@5b76d035"},"id":"","label":"HAS_TRANSITION_WITH","type":"relationship","properties":{"guard":"","name":"6","action":"","type":"Transition"}}
{"start":{"id":"com.telelogic.rhapsody.core.RPState@3ca6ba69"},"end":{"id":"com.telelogic.rhapsody.core.RPState@5b2904f4"},"id":"","label":"HAS_TRANSITION_WITH","type":"relationship","properties":{"guard":"","name":"7","action":"","type":"Transition"}}
