{"id":"com.telelogic.rhapsody.core.RPStatechart@627a3870","type":"node","properties":{"ownerType":"Block","ownerName":"UC_StopCrash","name":"StopCrash","description":"","genericType":"Statechart","type":"Statechart","ownerIdentifier":"com.telelogic.rhapsody.core.RPClass@9eca6669"},"labels":["StateMachineDiagram"]}
{"start":{"id":"com.telelogic.rhapsody.core.RPClass@9eca6669"},"end":{"id":"com.telelogic.rhapsody.core.RPStatechart@627a3870"},"id":"","label":"CONTAINS_DIAGRAM","type":"relationship","properties":{"type":"state machine"}}
{"id":"com.telelogic.rhapsody.core.RPState@ebe8f938","type":"node","properties":{"name":"ROOT","genericType":"State","type":"State"},"labels":["Block"]}
{"start":{"id":"com.telelogic.rhapsody.core.RPStatechart@627a3870"},"end":{"id":"com.telelogic.rhapsody.core.RPState@ebe8f938"},"id":"","label":"CONTAINS","type":"relationship","properties":{"type":"State"}}
{"id":"com.telelogic.rhapsody.core.RPState@b562ef9d","type":"node","properties":{"name":"PathPlannerEnabled","genericType":"State","type":"State"},"labels":["Block"]}
{"start":{"id":"com.telelogic.rhapsody.core.RPStatechart@627a3870"},"end":{"id":"com.telelogic.rhapsody.core.RPState@b562ef9d"},"id":"","label":"CONTAINS","type":"relationship","properties":{"type":"State"}}
{"id":"com.telelogic.rhapsody.core.RPState@6d081a55","type":"node","properties":{"name":"PathPlannerDisabled","genericType":"State","type":"State"},"labels":["Block"]}
{"start":{"id":"com.telelogic.rhapsody.core.RPStatechart@627a3870"},"end":{"id":"com.telelogic.rhapsody.core.RPState@6d081a55"},"id":"","label":"CONTAINS","type":"relationship","properties":{"type":"State"}}
{"id":"com.telelogic.rhapsody.core.RPState@501cac0e","type":"node","properties":{"name":"ControllerDisengaged","genericType":"State","type":"State"},"labels":["Block"]}
{"start":{"id":"com.telelogic.rhapsody.core.RPStatechart@627a3870"},"end":{"id":"com.telelogic.rhapsody.core.RPState@501cac0e"},"id":"","label":"CONTAINS","type":"relationship","properties":{"type":"State"}}
{"id":"com.telelogic.rhapsody.core.RPState@5f43ce70","type":"node","properties":{"name":"DCTBrakes","genericType":"State","type":"State"},"labels":["Block"]}
{"start":{"id":"com.telelogic.rhapsody.core.RPStatechart@627a3870"},"end":{"id":"com.telelogic.rhapsody.core.RPState@5f43ce70"},"id":"","label":"CONTAINS","type":"relationship","properties":{"type":"State"}}
{"id":"com.telelogic.rhapsody.core.RPState@fbd49d3a","type":"node","properties":{"name":"sendaction_6","genericType":"State","type":"State"},"labels":["Block"]}
{"start":{"id":"com.telelogic.rhapsody.core.RPStatechart@627a3870"},"end":{"id":"com.telelogic.rhapsody.core.RPState@fbd49d3a"},"id":"","label":"CONTAINS","type":"relationship","properties":{"type":"State"}}
{"start":{"id":"com.telelogic.rhapsody.core.RPState@ebe8f938"},"end":{"id":"com.telelogic.rhapsody.core.RPState@b562ef9d"},"id":"","label":"HAS_TRANSITION_WITH","type":"relationship","properties":{"guard":"","name":"0","action":"","type":"DefaultTransition"}}
{"start":{"id":"com.telelogic.rhapsody.core.RPState@b562ef9d"},"end":{"id":"com.telelogic.rhapsody.core.RPState@6d081a55"},"id":"","label":"HAS_TRANSITION_WITH","type":"relationship","properties":{"guard":"","name":"1","action":"","type":"Transition"}}
{"start":{"id":"com.telelogic.rhapsody.core.RPState@6d081a55"},"end":{"id":"com.telelogic.rhapsody.core.RPState@5f43ce70"},"id":"","label":"HAS_TRANSITION_WITH","type":"relationship","properties":{"guard":"","name":"2","action":"","type":"Transition"}}
{"start":{"id":"com.telelogic.rhapsody.core.RPState@5f43ce70"},"end":{"id":"com.telelogic.rhapsody.core.RPState@fbd49d3a"},"id":"","label":"HAS_TRANSITION_WITH","type":"relationship","properties":{"guard":"","name":"3","action":"","type":"Transition"}}
{"start":{"id":"com.telelogic.rhapsody.core.RPState@fbd49d3a"},"end":{"id":"com.telelogic.rhapsody.core.RPState@501cac0e"},"id":"","label":"HAS_TRANSITION_WITH","type":"relationship","properties":{"guard":"","name":"4","action":"","type":"Transition"}}
