{"id":"com.telelogic.rhapsody.core.RPSequenceDiagram@9382b01e","type":"node","properties":{"ownerType":"Package","ownerName":"DemoPkg","name":"sequencediagram_002","description":"","genericType":"SequenceDiagram","type":"SequenceDiagram","ownerIdentifier":"com.telelogic.rhapsody.core.RPPackage@fc12dfaa"},"labels":["Diagram"]}
{"id":"com.telelogic.rhapsody.core.RPClassifierRole@e0087449","type":"node","properties":{"name":":Operator","genericType":"ClassifierRole","type":"Lifeline"},"labels":["block"]}
{"start":{"id":"com.telelogic.rhapsody.core.RPSequenceDiagram@9382b01e"},"end":{"id":"com.telelogic.rhapsody.core.RPClassifierRole@e0087449"},"id":"","label":"CONTAINS","type":"relationship","properties":{"type":"ClassifierRole"}}
{"id":"com.telelogic.rhapsody.core.RPClassifierRole@d17d35b9","type":"node","properties":{"name":":Distiller","genericType":"ClassifierRole","type":"Lifeline"},"labels":["block"]}
{"start":{"id":"com.telelogic.rhapsody.core.RPSequenceDiagram@9382b01e"},"end":{"id":"com.telelogic.rhapsody.core.RPClassifierRole@d17d35b9"},"id":"","label":"CONTAINS","type":"relationship","properties":{"type":"ClassifierRole"}}
{"start":{"id":"com.telelogic.rhapsody.core.RPClassifierRole@d17d35b9"},"end":{"id":"com.telelogic.rhapsody.core.RPClassifierRole@d17d35b9"},"id":"","label":"SEND_MESSAGE_TO","type":"relationship","properties":{"sequenceNumber":"2.","messageType":"OPERATION","name":"powerLampOn","type":"Message"}}
{"start":{"id":"com.telelogic.rhapsody.core.RPClassifierRole@d17d35b9"},"end":{"id":"com.telelogic.rhapsody.core.RPClassifierRole@d17d35b9"},"id":"","label":"SEND_MESSAGE_TO","type":"relationship","properties":{"sequenceNumber":"4.","messageType":"OPERATION","name":"operatingLampOn","type":"Message"}}
{"start":{"id":"com.telelogic.rhapsody.core.RPClassifierRole@e0087449"},"end":{"id":"com.telelogic.rhapsody.core.RPClassifierRole@d17d35b9"},"id":"","label":"SEND_MESSAGE_TO","type":"relationship","properties":{"sequenceNumber":"1.","messageType":"EVENT","name":"evTurnOn","type":"Message"}}
{"start":{"id":"com.telelogic.rhapsody.core.RPClassifierRole@d17d35b9"},"end":{"id":"com.telelogic.rhapsody.core.RPClassifierRole@d17d35b9"},"id":"","label":"SEND_MESSAGE_TO","type":"relationship","properties":{"sequenceNumber":"6.","messageType":"OPERATION","name":"levelHighLampOn","type":"Message"}}
{"start":{"id":"com.telelogic.rhapsody.core.RPClassifierRole@d17d35b9"},"end":{"id":"com.telelogic.rhapsody.core.RPClassifierRole@e0087449"},"id":"","label":"SEND_MESSAGE_TO","type":"relationship","properties":{"sequenceNumber":"3.","messageType":"EVENT","name":"evPowerLampOn","type":"Message"}}
{"start":{"id":"com.telelogic.rhapsody.core.RPClassifierRole@d17d35b9"},"end":{"id":"com.telelogic.rhapsody.core.RPClassifierRole@e0087449"},"id":"","label":"SEND_MESSAGE_TO","type":"relationship","properties":{"sequenceNumber":"5.","messageType":"EVENT","name":"evOperatingLampOn","type":"Message"}}
{"start":{"id":"com.telelogic.rhapsody.core.RPClassifierRole@d17d35b9"},"end":{"id":"com.telelogic.rhapsody.core.RPClassifierRole@e0087449"},"id":"","label":"SEND_MESSAGE_TO","type":"relationship","properties":{"sequenceNumber":"7.","messageType":"EVENT","name":"evHighLevelLampOn","type":"Message"}}
{"start":{"id":"com.telelogic.rhapsody.core.RPClassifierRole@d17d35b9"},"end":{"id":"com.telelogic.rhapsody.core.RPClassifierRole@d17d35b9"},"id":"","label":"SEND_MESSAGE_TO","type":"relationship","properties":{"sequenceNumber":"8.","messageType":"OPERATION","name":"drainingLampOn","type":"Message"}}
{"start":{"id":"com.telelogic.rhapsody.core.RPClassifierRole@d17d35b9"},"end":{"id":"com.telelogic.rhapsody.core.RPClassifierRole@e0087449"},"id":"","label":"SEND_MESSAGE_TO","type":"relationship","properties":{"sequenceNumber":"9.","messageType":"EVENT","name":"evDrainingLampOn","type":"Message"}}
{"start":{"id":"com.telelogic.rhapsody.core.RPClassifierRole@d17d35b9"},"end":{"id":"com.telelogic.rhapsody.core.RPClassifierRole@d17d35b9"},"id":"","label":"SEND_MESSAGE_TO","type":"relationship","properties":{"sequenceNumber":"10.","messageType":"OPERATION","name":"levelLowLampOn","type":"Message"}}
{"start":{"id":"com.telelogic.rhapsody.core.RPClassifierRole@d17d35b9"},"end":{"id":"com.telelogic.rhapsody.core.RPClassifierRole@e0087449"},"id":"","label":"SEND_MESSAGE_TO","type":"relationship","properties":{"sequenceNumber":"11.","messageType":"EVENT","name":"evLevelLowLampOn","type":"Message"}}
{"start":{"id":"com.telelogic.rhapsody.core.RPClassifierRole@e0087449"},"end":{"id":"com.telelogic.rhapsody.core.RPClassifierRole@d17d35b9"},"id":"","label":"SEND_MESSAGE_TO","type":"relationship","properties":{"sequenceNumber":"12.","messageType":"EVENT","name":"evTurnOff","type":"Message"}}
{"start":{"id":"com.telelogic.rhapsody.core.RPClassifierRole@d17d35b9"},"end":{"id":"com.telelogic.rhapsody.core.RPClassifierRole@d17d35b9"},"id":"","label":"SEND_MESSAGE_TO","type":"relationship","properties":{"sequenceNumber":"13.","messageType":"OPERATION","name":"turnOff","type":"Message"}}
{"start":{"id":"com.telelogic.rhapsody.core.RPClassifierRole@d17d35b9"},"end":{"id":"com.telelogic.rhapsody.core.RPClassifierRole@e0087449"},"id":"","label":"SEND_MESSAGE_TO","type":"relationship","properties":{"sequenceNumber":"14.","messageType":"EVENT","name":"evPowerLampOff","type":"Message"}}
