{"id":"com.telelogic.rhapsody.core.RPStatechart@e77765cc","type":"node","properties":{"ownerType":"Block","ownerName":"UC_AutonomouseMode","name":"statechart_Diagram","description":"","genericType":"Statechart","type":"Statechart","ownerIdentifier":"com.telelogic.rhapsody.core.RPClass@a73dd6ba"},"labels":["Diagram"]}
{"start":{"id":"com.telelogic.rhapsody.core.RPClass@a73dd6ba"},"end":{"id":"com.telelogic.rhapsody.core.RPStatechart@e77765cc"},"id":"","label":"CONTAINS","type":"relationship","properties":{"type":"state machine"}}
{"id":"com.telelogic.rhapsody.core.RPState@a5e60a01","type":"node","properties":{"name":"ROOT","genericType":"State","type":"State"},"labels":["block"]}
{"start":{"id":"com.telelogic.rhapsody.core.RPStatechart@e77765cc"},"end":{"id":"com.telelogic.rhapsody.core.RPState@a5e60a01"},"id":"","label":"CONTAINS","type":"relationship","properties":{"type":"State"}}
{"id":"com.telelogic.rhapsody.core.RPState@5f51b78d","type":"node","properties":{"name":"Engine_Off","genericType":"State","type":"State"},"labels":["block"]}
{"start":{"id":"com.telelogic.rhapsody.core.RPStatechart@e77765cc"},"end":{"id":"com.telelogic.rhapsody.core.RPState@5f51b78d"},"id":"","label":"CONTAINS","type":"relationship","properties":{"type":"State"}}
{"id":"com.telelogic.rhapsody.core.RPState@8d599ce3","type":"node","properties":{"name":"Engine_Status","genericType":"State","type":"State"},"labels":["block"]}
{"start":{"id":"com.telelogic.rhapsody.core.RPStatechart@e77765cc"},"end":{"id":"com.telelogic.rhapsody.core.RPState@8d599ce3"},"id":"","label":"CONTAINS","type":"relationship","properties":{"type":"State"}}
{"id":"com.telelogic.rhapsody.core.RPState@62281f35","type":"node","properties":{"name":"Eigine_On","genericType":"State","type":"State"},"labels":["block"]}
{"start":{"id":"com.telelogic.rhapsody.core.RPStatechart@e77765cc"},"end":{"id":"com.telelogic.rhapsody.core.RPState@62281f35"},"id":"","label":"CONTAINS","type":"relationship","properties":{"type":"State"}}
{"id":"com.telelogic.rhapsody.core.RPState@355d87c7","type":"node","properties":{"name":"ObstadePresent","genericType":"State","type":"State"},"labels":["block"]}
{"start":{"id":"com.telelogic.rhapsody.core.RPStatechart@e77765cc"},"end":{"id":"com.telelogic.rhapsody.core.RPState@355d87c7"},"id":"","label":"CONTAINS","type":"relationship","properties":{"type":"State"}}
{"id":"com.telelogic.rhapsody.core.RPConnector@1f9a1de6","type":"node","properties":{"name":"terminationconnector_1","genericType":"TerminationConnector","type":"TerminationConnector"},"labels":["block"]}
{"start":{"id":"com.telelogic.rhapsody.core.RPStatechart@e77765cc"},"end":{"id":"com.telelogic.rhapsody.core.RPConnector@1f9a1de6"},"id":"","label":"CONTAINS","type":"relationship","properties":{"type":"TerminationConnector"}}
{"start":{"id":"com.telelogic.rhapsody.core.RPState@a5e60a01"},"end":{"id":"com.telelogic.rhapsody.core.RPState@5f51b78d"},"id":"","label":"HAS_TRANSITION_WITH","type":"relationship","properties":{"guard":"","name":"0","action":"","type":"DefaultTransition"}}
{"start":{"id":"com.telelogic.rhapsody.core.RPState@5f51b78d"},"end":{"id":"com.telelogic.rhapsody.core.RPState@8d599ce3"},"id":"","label":"HAS_TRANSITION_WITH","type":"relationship","properties":{"guard":"","name":"1","action":" EngineToggle();","type":"Transition"}}
{"start":{"id":"com.telelogic.rhapsody.core.RPState@8d599ce3"},"end":{"id":"com.telelogic.rhapsody.core.RPState@5f51b78d"},"id":"","label":"HAS_TRANSITION_WITH","type":"relationship","properties":{"guard":"power == false","name":"2","action":"","type":"Transition"}}
{"start":{"id":"com.telelogic.rhapsody.core.RPState@8d599ce3"},"end":{"id":"com.telelogic.rhapsody.core.RPState@62281f35"},"id":"","label":"HAS_TRANSITION_WITH","type":"relationship","properties":{"guard":"power == true","name":"3","action":"","type":"Transition"}}
{"start":{"id":"com.telelogic.rhapsody.core.RPState@62281f35"},"end":{"id":"com.telelogic.rhapsody.core.RPState@8d599ce3"},"id":"","label":"HAS_TRANSITION_WITH","type":"relationship","properties":{"guard":"","name":"4","action":" EngineToggle();","type":"Transition"}}
{"start":{"id":"com.telelogic.rhapsody.core.RPState@62281f35"},"end":{"id":"com.telelogic.rhapsody.core.RPState@5f51b78d"},"id":"","label":"HAS_TRANSITION_WITH","type":"relationship","properties":{"guard":"power == false","name":"5","action":"","type":"Transition"}}
{"start":{"id":"com.telelogic.rhapsody.core.RPState@62281f35"},"end":{"id":"com.telelogic.rhapsody.core.RPState@355d87c7"},"id":"","label":"HAS_TRANSITION_WITH","type":"relationship","properties":{"guard":"","name":"6","action":"","type":"Transition"}}
{"start":{"id":"com.telelogic.rhapsody.core.RPState@355d87c7"},"end":{"id":"com.telelogic.rhapsody.core.RPState@62281f35"},"id":"","label":"HAS_TRANSITION_WITH","type":"relationship","properties":{"guard":"","name":"7","action":"","type":"Transition"}}
{"start":{"id":"com.telelogic.rhapsody.core.RPState@5f51b78d"},"end":{"id":"com.telelogic.rhapsody.core.RPConnector@1f9a1de6"},"id":"","label":"HAS_TRANSITION_WITH","type":"relationship","properties":{"guard":"","name":"8","action":"","type":"Transition"}}
