{"Identifier":"com.telelogic.rhapsody.core.RPPackage@ccb5ca3d","MetaClass":"Package","UserDefinedMetaClass":"Package","OwnerOrParentIdentifier":"com.telelogic.rhapsody.core.RPProject@a8ddb2d5","OwnerOrParent":"JuanSampleModel","Name":"package_4"}
{"Identifier":"com.telelogic.rhapsody.core.RPRequirement@e1aea176","MetaClass":"Requirement","UserDefinedMetaClass":"Requirement","OwnerOrParentIdentifier":"com.telelogic.rhapsody.core.RPPackage@ccb5ca3d","OwnerOrParent":"package_4","Name":"requirement_0"}
{"Identifier":"com.telelogic.rhapsody.core.RPDependency@823d645b","MetaClass":"Dependency","UserDefinedMetaClass":"Dependency","OwnerOrParentIdentifier":"com.telelogic.rhapsody.core.RPRequirement@e1aea176","OwnerOrParent":"requirement_0","Name":"requirement_1"}
{"Identifier":"com.telelogic.rhapsody.core.RPRequirement@f20d72e2","MetaClass":"Requirement","UserDefinedMetaClass":"Requirement","OwnerOrParentIdentifier":"com.telelogic.rhapsody.core.RPPackage@ccb5ca3d","OwnerOrParent":"package_4","Name":"requirement_1"}
