{"id":"com.telelogic.rhapsody.core.RPObjectModelDiagram@8c91fd28","type":"node","properties":{"ownerType":"Package","ownerName":"REQUIREMENTS","name":"REQ_D1","description":"","genericType":"ObjectModelDiagram","type":"Requirements Diagram","ownerIdentifier":"com.telelogic.rhapsody.core.RPPackage@57c5feb7"},"labels":["Diagram"]}
{"id":"com.telelogic.rhapsody.core.RPRequirement@13513315","type":"node","properties":{"name":"GeneralRequirements","specification":"The general requirement for the car","description":"","genericType":"Requirement","type":"Requirement","requirementId":"1"},"labels":["Requirement"]}
{"start":{"id":"com.telelogic.rhapsody.core.RPObjectModelDiagram@8c91fd28"},"end":{"id":"com.telelogic.rhapsody.core.RPRequirement@13513315"},"id":"","label":"CONTAINS","type":"relationship","properties":{"type":"requirement"}}
{"id":"com.telelogic.rhapsody.core.RPRequirement@6a097552","type":"node","properties":{"name":"StructureCar","specification":"Specify the dimension of the car","description":"","genericType":"Requirement","type":"Requirement","requirementId":"2"},"labels":["Requirement"]}
{"start":{"id":"com.telelogic.rhapsody.core.RPObjectModelDiagram@8c91fd28"},"end":{"id":"com.telelogic.rhapsody.core.RPRequirement@6a097552"},"id":"","label":"CONTAINS","type":"relationship","properties":{"type":"requirement"}}
{"id":"com.telelogic.rhapsody.core.RPRequirement@65715c2e","type":"node","properties":{"name":"RequirementSpeed","specification":"Max Speed 200km","description":"","genericType":"Requirement","type":"Requirement","requirementId":"3"},"labels":["Requirement"]}
{"start":{"id":"com.telelogic.rhapsody.core.RPObjectModelDiagram@8c91fd28"},"end":{"id":"com.telelogic.rhapsody.core.RPRequirement@65715c2e"},"id":"","label":"CONTAINS","type":"relationship","properties":{"type":"requirement"}}
{"id":"com.telelogic.rhapsody.core.RPRequirement@b27aa5a5","type":"node","properties":{"name":"RequirmenetEngine","specification":"Power Engine","description":"","genericType":"Requirement","type":"Requirement","requirementId":"5"},"labels":["Requirement"]}
{"start":{"id":"com.telelogic.rhapsody.core.RPObjectModelDiagram@8c91fd28"},"end":{"id":"com.telelogic.rhapsody.core.RPRequirement@b27aa5a5"},"id":"","label":"CONTAINS","type":"relationship","properties":{"type":"requirement"}}
{"start":{"id":"com.telelogic.rhapsody.core.RPRequirement@b27aa5a5"},"end":{"id":"com.telelogic.rhapsody.core.RPRequirement@65715c2e"},"id":"","label":"IS_CONNECTED_WITH","type":"relationship","properties":{"type":"Derivation"}}
