{"id":"com.telelogic.rhapsody.core.RPObjectModelDiagram@6ccc3594","type":"node","properties":{"ownerType":"Package","ownerName":"REQUIREMENTS","name":"requirements diagram_9","description":"","genericType":"ObjectModelDiagram","type":"Requirements Diagram","ownerIdentifier":"com.telelogic.rhapsody.core.RPPackage@febf881b"},"labels":["Diagram"]}
{"id":"com.telelogic.rhapsody.core.RPRequirement@fd9acfe8","type":"node","properties":{"name":"requirement_20","specification":"This is the req with id 1000","description":"","genericType":"Requirement","type":"Requirement","requirementId":"1000"},"labels":["Requirement"]}
{"start":{"id":"com.telelogic.rhapsody.core.RPObjectModelDiagram@6ccc3594"},"end":{"id":"com.telelogic.rhapsody.core.RPRequirement@fd9acfe8"},"id":"","label":"CONTAINS","type":"relationship","properties":{"type":"requirement"}}
